"p_val","avg_log2FC","pct.1","pct.2","p_val_adj","ranges","cell_type","comparison","closestgene","distance","Regulation"
1.24715046961287e-24,-1.49523861657699,0.28,0.575,2.06494444705211e-19,"chr2-77945820-77946697","Astrocytes","24hrvs1hr_PTZ","Cwc22",0,"Down"
1.35649149226356e-07,-2.16925488950567,0.036,0.124,0.0224598365848555,"chr3-104058783-104059696","Astrocytes","24hrvs1hr_PTZ","Magi3",0,"Down"
