"p_val","avg_log2FC","pct.1","pct.2","p_val_adj","ranges","cell_type","comparison","closestgene","distance","Regulation"
2.1251054878573e-09,-1.70883274244266,0.08,0.241,0.000351860090940997,"chrX-169978836-169979679","MGE","24hrvs1hr_SAL","Gm15726",0,"Down"
6.01964672428752e-09,-2.9041462237188,0.017,0.131,0.000996690967080458,"chr12-20920695-20921571","MGE","24hrvs1hr_SAL","Asap2",68887,"Down"
6.98542926624929e-08,-1.2031243827896,0.153,0.305,0.0115659847990069,"chrY-90808457-90809298","MGE","24hrvs1hr_SAL","Gm47283",0,"Down"
1.6514464272332e-07,0.989479853660567,0.373,0.194,0.0273434939296283,"chr7-13278202-13279111","MGE","24hrvs1hr_SAL","Lig1",0,"Up"
