"p_val","avg_log2FC","pct.1","pct.2","p_val_adj","ranges","cell_type","comparison","closestgene","distance","Regulation"
1.49883193681515e-07,-0.297967639147061,0.566,0.683,0.0248166100274295,"chr6-47650634-47651570","ExcitatoryNeuronsCA1","PTZvsSAL_1hr","Ezh2",55292,"Down"
1.82637908184239e-07,-0.89876895314825,0.088,0.166,0.030239906371789,"chr2-144165056-144166057","ExcitatoryNeuronsCA1","PTZvsSAL_1hr","Gm5535",0,"Down"
2.40886929805768e-07,0.715244879536213,0.203,0.132,0.0398843716287305,"chr17-30580693-30581647","ExcitatoryNeuronsCA1","PTZvsSAL_1hr","Gm50240",0,"Up"
2.70072486867222e-07,-1.93967726638813,0.013,0.05,0.0447167118680666,"chr7-117972378-117973236","ExcitatoryNeuronsCA1","PTZvsSAL_1hr","Rps15a",131135,"Down"
