"p_val","avg_log2FC","pct.1","pct.2","p_val_adj","ranges","cell_type","comparison","closestgene","distance","Regulation"
3.68379040516838e-13,-1.43648278812198,0.119,0.303,6.09936228754944e-08,"chrY-90804600-90805534","L56ExcitatoryNeurons","PTZvsSAL_1hr","Gm47283",0,"Down"
2.05392980739503e-11,-2.33446548039907,0.028,0.148,3.40075319999817e-06,"chrX-170003988-170004876","L56ExcitatoryNeurons","PTZvsSAL_1hr","Mid1",0,"Down"
2.10042483901063e-11,-1.31910125769597,0.132,0.303,3.47773641869507e-06,"chrX-169993759-169994599","L56ExcitatoryNeurons","PTZvsSAL_1hr","Mid1",0,"Down"
6.24292804522329e-10,-1.46987206068373,0.085,0.224,0.000103366032523176,"chr8-33516813-33517704","L56ExcitatoryNeurons","PTZvsSAL_1hr","Tex15",0,"Down"
3.25982205218785e-08,-0.897367243951232,0.203,0.339,0.00539738516646899,"chrY-90808457-90809298","L56ExcitatoryNeurons","PTZvsSAL_1hr","Gm47283",0,"Down"
4.05660961881997e-08,-1.06896310783056,0.143,0.292,0.00671665024416879,"chrY-90739630-90740700","L56ExcitatoryNeurons","PTZvsSAL_1hr","Gm21860",11726,"Down"
8.4342669842296e-08,-1.29650053241285,0.09,0.21,0.0139648688737985,"chrY-90810371-90811371","L56ExcitatoryNeurons","PTZvsSAL_1hr","Gm47283",0,"Down"
1.16427604649911e-07,1.78420160497176,0.14,0.046,0.0192772677846996,"chr11-94997803-94998687","L56ExcitatoryNeurons","PTZvsSAL_1hr","Ppp1r9b",0,"Up"
1.52292558766191e-07,2.25979181424124,0.104,0.022,0.0252155358325945,"chr16-31233277-31234220","L56ExcitatoryNeurons","PTZvsSAL_1hr","Gm41442",0,"Up"
