"p_val","avg_log2FC","pct.1","pct.2","p_val_adj","ranges","cell_type","comparison","closestgene","distance","Regulation"
1.92669212364405e-14,-1.23430521400364,0.264,0.566,3.19008194988116e-09,"chr2-77897231-77898068","L56ExcitatoryNeurons","PTZvsSAL_24hr","Cwc22",0,"Down"
2.59271128741354e-14,-1.30427850520256,0.212,0.505,4.29282985990922e-09,"chr2-78021505-78022372","L56ExcitatoryNeurons","PTZvsSAL_24hr","4930440I19Rik",28804,"Down"
8.38135637506721e-14,-0.859072048936219,0.476,0.726,1.387726319089e-08,"chr2-77945820-77946697","L56ExcitatoryNeurons","PTZvsSAL_24hr","Cwc22",0,"Down"
1.31839726310151e-10,-1.5325187410854,0.112,0.34,2.18290990043506e-05,"chr2-77919682-77920650","L56ExcitatoryNeurons","PTZvsSAL_24hr","Cwc22",0,"Down"
1.67410827816417e-07,-1.27668520227233,0.141,0.306,0.0277187129940477,"chr2-77927952-77928844","L56ExcitatoryNeurons","PTZvsSAL_24hr","Cwc22",0,"Down"
