"p_val","avg_log2FC","pct.1","pct.2","p_val_adj","ranges","cell_type","comparison","closestgene","distance","Regulation"
7.88131998270822e-10,0.849521957048565,0.621,0.408,0.000130493379349695,"chr2-78021505-78022372","L23ExcitatoryNeurons","24hrvs1hr_SAL","4930440I19Rik",28804,"Up"
9.02479219337068e-10,-2.47433636665741,0.046,0.211,0.000149426191783296,"chrX-169978836-169979679","L23ExcitatoryNeurons","24hrvs1hr_SAL","Gm15726",0,"Down"
4.81278509363015e-09,0.910186090160754,0.53,0.358,0.000796867266307625,"chr2-77889368-77890235","L23ExcitatoryNeurons","24hrvs1hr_SAL","Cwc22",0,"Up"
4.46026539283088e-08,-1.59019090218614,0.105,0.282,0.00738499521887187,"chrY-90804600-90805534","L23ExcitatoryNeurons","24hrvs1hr_SAL","Gm47283",0,"Down"
1.97143965201382e-07,-1.38081843472993,0.128,0.308,0.0326417177502884,"chrY-90739630-90740700","L23ExcitatoryNeurons","24hrvs1hr_SAL","Gm21860",11726,"Down"
