"p_val","avg_log2FC","pct.1","pct.2","p_val_adj","ranges","cell_type","comparison","closestgene","distance","Regulation"
2.13422616216306e-11,-1.72068871301803,0.062,0.2,3.53370228347825e-06,"chrY-90810371-90811371","MGE","PTZvsSAL_1hr","Gm47283",0,"Down"
2.05965852577613e-08,0.417300158734806,0.718,0.688,0.00341023841088331,"chr2-77945820-77946697","MGE","PTZvsSAL_1hr","Cwc22",0,"Up"
1.35206249903421e-07,-1.08529008442381,0.118,0.239,0.0223865044152591,"chrX-169993759-169994599","MGE","PTZvsSAL_1hr","Mid1",0,"Down"
