"p_val","avg_log2FC","pct.1","pct.2","p_val_adj","ranges","cell_type","comparison","closestgene","distance","Regulation"
5.53100998840127e-09,-1.09141240278023,0.345,0.621,0.000915785916809563,"chr2-78021505-78022372","L23ExcitatoryNeurons","PTZvsSAL_24hr","4930440I19Rik",28804,"Down"
1.48135563376418e-08,-0.773037183428661,0.604,0.776,0.00245272496349237,"chr2-77945820-77946697","L23ExcitatoryNeurons","PTZvsSAL_24hr","Cwc22",0,"Down"
