"","ID","Description","GeneRatio","BgRatio","pvalue","p.adjust","qvalue","geneID","Count","log_p_adj","GeneRatio_numeric","BgRatio_numeric","Fold_enrichment","score","cell_type","comparison"
"GO:0005200","GO:0005200","structural constituent of cytoskeleton","9/296","63/17543",1.04554065632649e-06,0.000602231418044059,0.00053707772661824,"Actg1/Tubb2a/Tubb3/Ank3/Tuba1a/Tubb2b/Tuba1b/Tubb5/Actb",9,3.22023659135524,0.0304054054054054,0.00359117596762241,8.46669884169884,27.2647734180236,"CGE","PTZvsSAL_1hr"
"GO:0019888","GO:0019888","protein phosphatase regulator activity","8/296","75/17543",3.78465501266044e-05,0.0217996128729241,0.00739479683081038,"Ppp2r2b/Elfn1/Ppp6r2/Calm2/Mgat5/Phactr3/Ppp2r1a/Csnk2a1",8,1.66155121871859,0.027027027027027,0.00427520948526478,6.3218018018018,10.5039974882812,"CGE","PTZvsSAL_1hr"
"GO:0099186","GO:0099186","structural constituent of postsynapse","5/296","24/17543",4.31868257537081e-05,0.0248756116341359,0.00739479683081038,"Actg1/Actn1/Dlg4/Dlg2/Actb",5,1.60422623214748,0.0168918918918919,0.00136806703528473,12.3472691441441,19.8078130564212,"CGE","PTZvsSAL_1hr"
