"","ID","Description","GeneRatio","BgRatio","pvalue","p.adjust","qvalue","geneID","Count","log_p_adj","GeneRatio_numeric","BgRatio_numeric","Fold_enrichment","score","cell_type","comparison"
"GO:0005244","GO:0005244","voltage-gated monoatomic ion channel activity","8/93","177/17543",4.49876480863375e-06,0.00114268626139297,0.000491236601478781,"Itgav/Scn8a/Cacna2d3/Kcnh7/Cacna1c/Nalcn/Scn3a/Kcnip3",8,2.9420729941448,0.0860215053763441,0.0100894943852249,8.52584897636839,25.0836700255306,"OPCs","PTZvsSAL_1hr"
"GO:0022832","GO:0022832","voltage-gated channel activity","8/93","178/17543",4.69019870758635e-06,0.00119131047172693,0.000491236601478781,"Itgav/Scn8a/Cacna2d3/Kcnh7/Cacna1c/Nalcn/Scn3a/Kcnip3",8,2.92397504071185,0.0860215053763441,0.0101464971783617,8.47795094841126,24.7893169695339,"OPCs","PTZvsSAL_1hr"
"GO:0005261","GO:0005261","monoatomic cation channel activity","8/93","277/17543",0.000111519076580376,0.0283258454514156,0.00472073439522482,"Itgav/Scn8a/Cacna2d3/Kcnh7/Cacna1c/Nalcn/Scn3a/Kcnip3",8,1.54781711873182,0.0860215053763441,0.0157897736989112,5.44792515818485,8.4323918214083,"OPCs","PTZvsSAL_1hr"
"GO:0050839","GO:0050839","cell adhesion molecule binding","8/93","280/17543",0.000120127675969573,0.0305124296962716,0.00472073439522482,"Ptprz1/Ank3/Tnr/Tenm2/Itgav/Nrxn2/Cdh11/Adgrl1",8,1.51552320823208,0.0860215053763441,0.0159607820783218,5.38955453149002,8.16799497450547,"OPCs","PTZvsSAL_1hr"
"GO:0022839","GO:0022839","monoatomic ion gated channel activity","8/93","284/17543",0.000132454649728952,0.0336434810311538,0.00472073439522482,"Itgav/Scn8a/Cacna2d3/Kcnh7/Cacna1c/Nalcn/Scn3a/Kcnip3",8,1.47309907487152,0.0860215053763441,0.0161887932508693,5.31364531273663,7.82752599438775,"OPCs","PTZvsSAL_1hr"
"GO:0022836","GO:0022836","gated channel activity","8/93","286/17543",0.000138999486223439,0.0353058695007536,0.00472073439522482,"Itgav/Scn8a/Cacna2d3/Kcnh7/Cacna1c/Nalcn/Scn3a/Kcnip3",8,1.45215308838307,0.0860215053763441,0.016302798837143,5.27648695390631,7.66226682592804,"OPCs","PTZvsSAL_1hr"
"GO:0005216","GO:0005216","monoatomic ion channel activity","9/93","372/17543",0.000157753184564045,0.0400693088792675,0.00472073439522482,"Itgav/Scn8a/Ttyh1/Cacna2d3/Kcnh7/Cacna1c/Nalcn/Scn3a/Kcnip3",9,1.39718814827129,0.0967741935483871,0.0212050390469133,4.56373569198751,6.37639742068763,"OPCs","PTZvsSAL_1hr"
