"","ID","Description","GeneRatio","BgRatio","pvalue","p.adjust","qvalue","geneID","Count","log_p_adj","GeneRatio_numeric","BgRatio_numeric","Fold_enrichment","score","cell_type","comparison"
"GO:0005200","GO:0005200","structural constituent of cytoskeleton","7/176","63/17543",3.12894550746302e-06,0.00130789922211954,0.00110665862158692,"Tubb2b/Tuba1a/Actg1/Tubb5/Tubb2a/Tubb3/Ank3",7,2.8834257185221,0.0397727272727273,0.00359117596762241,11.0751262626263,31.9343039015362,"ExN_45","24hrvs1hr_PTZ"
"GO:0050839","GO:0050839","cell adhesion molecule binding","12/176","280/17543",2.66114469366225e-05,0.0111235848195082,0.00470602430037114,"Nrxn1/Tenm1/Prkca/Tenm3/Ctnna2/Ppia/Frmd5/Kirrel3/Ank3/Cdh8/Grin2a/Ptprt",12,1.95375522926145,0.0681818181818182,0.0159607820783218,4.27183441558442,8.34611882798708,"ExN_45","24hrvs1hr_PTZ"
