"","ID","Description","GeneRatio","BgRatio","pvalue","p.adjust","qvalue","geneID","Count","log_p_adj","GeneRatio_numeric","BgRatio_numeric","Fold_enrichment","score","cell_type","comparison"
"GO:0005200","GO:0005200","structural constituent of cytoskeleton","10/344","63/17543",3.74825316763137e-07,0.000214025255871751,0.000191752740996721,"Tubb2a/Camk2b/Tuba1a/Tubb2b/Tubb5/Tubb3/Actb/Actg1/Tubb4b/Tuba1b",10,3.66953497506881,0.0290697674418605,0.00359117596762241,8.09477667035807,29.70406610725,"ExcitatoryNeuronsCA3","PTZvsSAL_24hr"
"GO:0044325","GO:0044325","transmembrane transporter binding","12/344","156/17543",5.99698109167779e-05,0.0342427620334802,0.0112627843353394,"Slc8a1/Hsp90ab1/Vamp2/Fhl1/Ppp1r9a/Hsp90aa1/Itpr1/Kcnd3/Ywhae/Agrn/Ywhah/Pkd1",12,1.46543121223319,0.0348837209302326,0.00889243572935074,3.92285330948122,5.74867168072603,"ExcitatoryNeuronsCA3","PTZvsSAL_24hr"
"GO:0051020","GO:0051020","GTPase binding","18/344","324/17543",7.68540372471793e-05,0.0438836552681394,0.0112627843353394,"Eno1/Ppp1r9a/Dvl1/Kif16b/Gdi1/Xpo5/Gga2/Hsp90aa1/Iqgap2/Rab3gap2/Gnb2/Rap1a/Bicdl1/Rap1gap/Arhgef2/Vcl/Ptprn/Eps8",18,1.35769720523891,0.0523255813953488,0.0184689049763438,2.83317183462532,3.84658948183238,"ExcitatoryNeuronsCA3","PTZvsSAL_24hr"
