"","ID","Description","GeneRatio","BgRatio","pvalue","p.adjust","qvalue","geneID","Count","log_p_adj","GeneRatio_numeric","BgRatio_numeric","Fold_enrichment","score","cell_type","comparison"
"GO:0044325","GO:0044325","transmembrane transporter binding","13/132","156/17543",1.70139178503474e-10,6.38021919388029e-08,5.01462841904977e-08,"Hsp90ab1/Cacna1c/Hsp90aa1/Ank3/Slc8a1/Calm1/Pde4b/Ywhaz/Rims2/Ank2/Calm2/Fgf13/Prnp",13,7.19516440073692,0.0984848484848485,0.00889243572935074,11.0751262626263,79.687354218515,"ExN_mDG","24hrvs1hr_SAL"
"GO:0005200","GO:0005200","structural constituent of cytoskeleton","7/132","63/17543",4.53463728006174e-07,0.000170048898002315,6.68262336009098e-05,"Actb/Actg1/Tubb2a/Tuba1a/Ank3/Tubb2b/Ank2",7,3.76942617815681,0.053030303030303,0.00359117596762241,14.766835016835,55.6624944809805,"ExN_mDG","24hrvs1hr_SAL"
"GO:0098918","GO:0098918","structural constituent of synapse","5/132","34/17543",5.2199305947472e-06,0.0019574739730302,0.00051283528650148,"Actb/Actg1/Erc2/Ctnnd2/Rims2",5,2.70830400369889,0.0378787878787879,0.00193809496665337,19.5443404634581,52.9320155268378,"ExN_mDG","24hrvs1hr_SAL"
"GO:0030215","GO:0030215","semaphorin receptor binding","4/132","21/17543",1.65963731637946e-05,0.00622363993642298,0.00122289065417434,"Sema6d/Sema5a/Sema3e/Sema3c",4,2.20595554104214,0.0303030303030303,0.00119705865587414,25.3145743145743,55.8428254783583,"ExN_mDG","24hrvs1hr_SAL"
"GO:0045499","GO:0045499","chemorepellent activity","4/132","28/17543",5.45058937995898e-05,0.0204397101748462,0.00321297900292319,"Sema6d/Sema5a/Sema3e/Sema3c",4,1.68952526657829,0.0303030303030303,0.00159607820783218,18.9859307359307,32.0772096878604,"ExN_mDG","24hrvs1hr_SAL"
"GO:0097718","GO:0097718","disordered domain specific binding","4/132","31/17543",8.23107941909702e-05,0.0308665478216138,0.00347297089967123,"Hsp90ab1/Hsp90aa1/Gapdh/Cltc",4,1.5105119401927,0.0303030303030303,0.00176708658724277,17.1485826001955,25.903138774976,"ExN_mDG","24hrvs1hr_SAL"
"GO:0001664","GO:0001664","G protein-coupled receptor binding","9/132","239/17543",8.24830588671917e-05,0.0309311470751969,0.00347297089967123,"Hspa8/App/Calm1/Rapgef2/Chrm3/Zbtb16/Calm2/Atp1a3/Prnp",9,1.50960397397707,0.0681818181818182,0.0136236675597104,5.00465956637505,7.55505396980212,"ExN_mDG","24hrvs1hr_SAL"
