"","ID","Description","GeneRatio","BgRatio","pvalue","p.adjust","qvalue","geneID","Count","log_p_adj","GeneRatio_numeric","BgRatio_numeric","Fold_enrichment","score","cell_type","comparison"
"GO:0045499","GO:0045499","chemorepellent activity","5/242","28/17543",3.63446942177474e-05,0.0193717220180593,0.010483599040664,"Sema3d/Sema6d/Sema6a/Sema5b/Flrt2",5,1.7128317716557,0.0206611570247934,0.00159607820783218,12.9449527744982,22.1725263947432,"OPCs","24hrvs1hr_PTZ"
"GO:0035255","GO:0035255","ionotropic glutamate receptor binding","6/242","48/17543",4.89406343421663e-05,0.0260853581043746,0.010483599040664,"Neto1/Canx/Fus/Dlg1/Gnas/Grip1",6,1.58360319682981,0.0247933884297521,0.00273613407056946,9.06146694214876,14.3497680175544,"OPCs","24hrvs1hr_PTZ"
