"","ID","Description","GeneRatio","BgRatio","pvalue","p.adjust","qvalue","geneID","Count","log_p_adj","GeneRatio_numeric","BgRatio_numeric","Fold_enrichment","score","cell_type","comparison"
"GO:0005200","GO:0005200","structural constituent of cytoskeleton","4/14","63/17543",1.47123036869203e-07,8.23889006467538e-06,3.40705980118155e-06,"Tuba1a/Tubb2b/Actg1/Tubb5",4,5.08413129209599,0.285714285714286,0.00359117596762241,79.5600907029478,404.493946744852,"ExcitatoryNeuronsImmatureDG","24hrvs1hr_PTZ"
"GO:0031625","GO:0031625","ubiquitin protein ligase binding","4/14","308/17543",8.11680615502048e-05,0.00454541144681147,0.000762365124750764,"Actg1/Atp6v0c/Hspa8/Tubb5",4,2.34242679869236,0.285714285714286,0.017556860286154,16.2736549165121,38.1198453891095,"ExcitatoryNeuronsImmatureDG","24hrvs1hr_PTZ"
"GO:0044389","GO:0044389","ubiquitin-like protein ligase binding","4/14","324/17543",9.87609366154398e-05,0.00553061245046463,0.000762365124750764,"Actg1/Atp6v0c/Hspa8/Tubb5",4,2.25722677301187,0.285714285714286,0.0184689049763438,15.4700176366843,34.9193379884896,"ExcitatoryNeuronsImmatureDG","24hrvs1hr_PTZ"
