"","ID","Description","GeneRatio","BgRatio","pvalue","p.adjust","qvalue","geneID","Count","log_p_adj","GeneRatio_numeric","BgRatio_numeric","Fold_enrichment","score","cell_type","comparison"
"GO:0005200","GO:0005200","structural constituent of cytoskeleton","5/31","63/17543",8.0327667883954e-08,1.09245628322177e-05,7.27176782949478e-06,"Tubb2a/Actg1/Tuba1a/Tubb2b/Camk2b",5,4.96159593315427,0.161290322580645,0.00359117596762241,44.9129544290835,222.839932041284,"ExN_CA1","PTZvsSAL_24hr"
"GO:0099186","GO:0099186","structural constituent of postsynapse","3/31","24/17543",9.8612531499605e-06,0.00134113042839463,0.000446351458366633,"Actg1/Camk2b/Shank1",3,2.87252898383552,0.0967741935483871,0.00136806703528473,70.7379032258064,203.196677271881,"ExN_CA1","PTZvsSAL_24hr"
"GO:0098918","GO:0098918","structural constituent of synapse","3/31","34/17543",2.88081277592646e-05,0.00391790537525998,0.000869297890279563,"Actg1/Camk2b/Shank1",3,2.40694605723835,0.0967741935483871,0.00193809496665337,49.9326375711575,120.185165129409,"ExN_CA1","PTZvsSAL_24hr"
