"","ID","Description","GeneRatio","BgRatio","pvalue","p.adjust","qvalue","geneID","Count","log_p_adj","GeneRatio_numeric","BgRatio_numeric","Fold_enrichment","score","cell_type","comparison"
"GO:0004812","GO:0004812","aminoacyl-tRNA ligase activity","2/17","23/17543",0.000220956667831249,0.0090592233810812,0.00220956667831249,"Lars2/Dalrd3",2,2.04290903143661,0.117647058823529,0.00131106424214787,89.7340153452685,183.31843037592,"ExN","CA3_PTZvsSAL_1hr"
"GO:0016875","GO:0016875","ligase activity, forming carbon-oxygen bonds","2/17","23/17543",0.000220956667831249,0.0090592233810812,0.00220956667831249,"Lars2/Dalrd3",2,2.04290903143661,0.117647058823529,0.00131106424214787,89.7340153452685,183.31843037592,"ExN","CA3_PTZvsSAL_1hr"
