"","ID","Description","GeneRatio","BgRatio","pvalue","p.adjust","qvalue","geneID","Count","log_p_adj","GeneRatio_numeric","BgRatio_numeric","Fold_enrichment","score","cell_type","comparison"
"GO:0005516","GO:0005516","calmodulin binding","19/479","185/17543",7.82699610301349e-07,0.00053380113422552,0.000251013344457469,"Atp2b4/Camkv/Kcnh1/Camk2d/Camk2b/Kcnh5/Atp2b2/Ddx5/Ewsr1/Nrgn/Invs/Ppp3ca/Add1/Eef1a1/Cask/Unc13a/Epb41/Myo1b/Slc8a1",19,3.27262050775465,0.0396659707724426,0.0105455167303198,3.76140608249168,12.3096546835554,"L45ExcitatoryNeurons","PTZvsSAL_24hr"
"GO:0005200","GO:0005200","structural constituent of cytoskeleton","11/479","63/17543",9.58433941264364e-07,0.000653651947942297,0.000251013344457469,"Tuba1a/Tubb2b/Actb/Tubb2a/Tubb5/Tubb3/Camk2b/Actg1/Add1/Epb41/Odf2",11,3.18465344024526,0.022964509394572,0.00359117596762241,6.39470457633297,20.3649179283709,"L45ExcitatoryNeurons","PTZvsSAL_24hr"
"GO:0044325","GO:0044325","transmembrane transporter binding","17/479","156/17543",1.30545261259815e-06,0.000890318681791939,0.000251013344457469,"Hsp90ab1/Rims1/Pde4d/Hsp90aa1/Kcnh1/Camk2d/Pde4b/Fhl1/Kcnh5/Kcnab1/Sh3gl2/Pkd1/Dynlt1a/Ctnnb1/Ppp2ca/Slc8a1/Scn3b",17,3.05045451361248,0.0354906054279749,0.00889243572935074,3.99110058348054,12.1746707891596,"L45ExcitatoryNeurons","PTZvsSAL_24hr"
"GO:0031625","GO:0031625","ubiquitin protein ligase binding","22/479","308/17543",4.15539228540796e-05,0.0283397753864823,0.00554403727472567,"Hsp90ab1/Ubb/Hsp90aa1/Gpi1/Hspa8/Ckb/Sorbs1/Tubb5/Actg1/Herc2/Ski/Pcbp2/Jkamp/Fhit/Vcp/Casc3/Uchl1/Tnk2/Ctnnb1/Atp6v0c/Prkar1a/Sncaip",22,1.5476035961774,0.0459290187891441,0.017556860286154,2.61601550849985,4.04855500861023,"L45ExcitatoryNeurons","PTZvsSAL_24hr"
"GO:0003729","GO:0003729","mRNA binding","22/479","311/17543",4.80550676185163e-05,0.0327735561158281,0.00554403727472567,"Hsp90aa1/Fus/Srrm2/Pabpc1/Pcbp2/Ddx5/Rbms3/Hnrnpa2b1/Srrm4/Eef1a1/Srsf3/Casc3/Rbm24/Caprin1/Rps26/Tia1/Snrnp70/Atxn2l/Cpeb1/Paip2/Pcbp4/Cstf2",22,1.48447643265821,0.0459290187891441,0.0177278686655646,2.59078063221207,3.84595279070616,"L45ExcitatoryNeurons","PTZvsSAL_24hr"
"GO:0043274","GO:0043274","phospholipase binding","6/479","26/17543",5.80766627218492e-05,0.0396082839763012,0.00558351073185498,"Camk2b/Snca/Srsf3/Prkcz/Stxbp1/Dlc1",6,1.40221397293949,0.0125260960334029,0.00148207262155846,8.45174241207644,11.8511513058989,"L45ExcitatoryNeurons","PTZvsSAL_24hr"
