"","ID","Description","GeneRatio","BgRatio","pvalue","p.adjust","qvalue","geneID","Count","log_p_adj","GeneRatio_numeric","BgRatio_numeric","Fold_enrichment","score","cell_type","comparison"
"GO:0005200","GO:0005200","structural constituent of cytoskeleton","4/15","63/17543",2.00082771956224e-07,1.68069528443228e-05,8.2139243224134e-06,"Tubb2a/Camk2b/Tuba1a/Tubb2b",4,4.77451101843762,0.266666666666667,0.00359117596762241,74.2560846560847,354.536494376513,"ExN_CA3","PTZvsSAL_24hr"
"GO:0005525","GO:0005525","GTP binding","4/15","312/17543",0.000114735810097932,0.00963780804822631,0.00129888592379158,"Tubb2a/Tuba1a/Tubb2b/Eif2s3y",4,2.01602172759138,0.266666666666667,0.0177848714587015,14.9940170940171,30.2282642454151,"ExN_CA3","PTZvsSAL_24hr"
"GO:0019001","GO:0019001","guanyl nucleotide binding","4/15","335/17543",0.000150932444685968,0.0126783253536213,0.00129888592379158,"Tubb2a/Tuba1a/Tubb2b/Eif2s3y",4,1.8969381074726,0.266666666666667,0.0190959357008493,13.9645771144279,26.4899384830979,"ExN_CA3","PTZvsSAL_24hr"
"GO:0032561","GO:0032561","guanyl ribonucleotide binding","4/15","335/17543",0.000150932444685968,0.0126783253536213,0.00129888592379158,"Tubb2a/Tuba1a/Tubb2b/Eif2s3y",4,1.8969381074726,0.266666666666667,0.0190959357008493,13.9645771144279,26.4899384830979,"ExN_CA3","PTZvsSAL_24hr"
"GO:0015085","GO:0015085","calcium ion transmembrane transporter activity","3/15","127/17543",0.000158197644564359,0.0132886021434062,0.00129888592379158,"Slc8a1/Cacna1a/Trpm3",3,1.87652070102372,0.2,0.00723935472838169,27.6267716535433,51.8422089103294,"ExN_CA3","PTZvsSAL_24hr"
"GO:0005516","GO:0005516","calmodulin binding","3/15","185/17543",0.000478197070774865,0.0401685539450886,0.00327187469477539,"Slc8a1/Camk2b/Cacna1a",3,1.39611380244738,0.2,0.0105455167303198,18.9654054054054,26.4778642554967,"ExN_CA3","PTZvsSAL_24hr"
