"","ID","Description","GeneRatio","BgRatio","pvalue","p.adjust","qvalue","geneID","Count","log_p_adj","GeneRatio_numeric","BgRatio_numeric","Fold_enrichment","score","cell_type","comparison"
"GO:0005200","GO:0005200","structural constituent of cytoskeleton","4/31","63/17543",4.41776280179715e-06,0.000658246657467775,0.000423175173645832,"Tuba1a/Tubb5/Actb/Tubb2b",4,3.18161133753445,0.129032258064516,0.00359117596762241,35.9303635432668,114.316452010992,"InN_MGE","PTZvsSAL_1hr"
"GO:0048306","GO:0048306","calcium-dependent protein binding","3/31","74/17543",0.000297498841407383,0.0443273273697001,0.0142486287200378,"Ddx5/Stmn2/Calm2",3,1.35332845285546,0.0967741935483871,0.00421820669212791,22.9420226678291,31.0480920424281,"InN_MGE","PTZvsSAL_1hr"
