"","ID","Description","GeneRatio","BgRatio","pvalue","p.adjust","qvalue","geneID","Count","log_p_adj","GeneRatio_numeric","BgRatio_numeric","Fold_enrichment","score","cell_type","comparison"
"GO:0005200","GO:0005200","structural constituent of cytoskeleton","9/220","63/17543",8.56965617803699e-08,4.64475364849605e-05,3.76162802762255e-05,"Tuba1a/Tubb2b/Actg1/Tubb5/Actb/Tubb2a/Ank2/Sptbn1/Add2",9,4.33303731545635,0.0409090909090909,0.00359117596762241,11.3915584415584,49.3600478084745,"ExcitatoryNeuronsImmatureDG","24hrvs1hr_PTZ"
"GO:0003729","GO:0003729","mRNA binding","17/220","311/17543",4.20936089635318e-07,0.000228147360582342,9.23843944094356e-05,"Ptbp2/Ddx5/Eif4g2/Cpeb3/Snrnp70/Rbm25/Hnrnpk/Cpsf6/Hnrnpa1/Thoc2/Hnrnpc/Srrm4/Hnrnpu/Luc7l2/Pcbp2/Eef1a1/Fus",17,3.64178455117865,0.0772727272727273,0.0177278686655646,4.35882782812043,15.8739118456966,"ExcitatoryNeuronsImmatureDG","24hrvs1hr_PTZ"
"GO:0005516","GO:0005516","calmodulin binding","12/220","185/17543",3.89317615714328e-06,0.00211010147717166,0.000569633142992543,"Arpp21/Ddx5/Plcb1/Grm7/Sptbn1/Ppp3cb/Dapk1/Add2/Ppp3ca/Cacna1c/Eef1a1/Camk4",12,2.67569665848621,0.0545454545454545,0.0105455167303198,5.17238329238329,13.8397286918399,"ExcitatoryNeuronsImmatureDG","24hrvs1hr_PTZ"
"GO:0050839","GO:0050839","cell adhesion molecule binding","14/220","280/17543",1.25321008931526e-05,0.00679239868408872,0.00137523317695912,"Ctnnb1/Cpe/Frmd5/Cdh11/Cxadr/Cntn5/Tenm2/App/Shtn1/Grin2a/Utrn/Cntn1/Tnr/Cdh2",14,2.16797683082974,0.0636363636363636,0.0159607820783218,3.98704545454545,8.64382216891958,"ExcitatoryNeuronsImmatureDG","24hrvs1hr_PTZ"
