"","ID","Description","GeneRatio","BgRatio","pvalue","p.adjust","qvalue","geneID","Count","log_p_adj","GeneRatio_numeric","BgRatio_numeric","Fold_enrichment","score","cell_type","comparison"
"GO:0001540","GO:0001540","amyloid-beta binding","4/46","63/17543",2.20059297747285e-05,0.00506136384818755,0.00306637822538977,"Cst3/Clu/Prnp/Apoe",4,2.29573244127642,0.0869565217391304,0.00359117596762241,24.2139406487233,55.5887290784159,"Astrocytes","24hrvs1hr_PTZ"
"GO:0033218","GO:0033218","amide binding","7/46","356/17543",3.61870722250967e-05,0.00832302661177223,0.00306637822538977,"Cst3/Slc1a3/Ppia/Clu/Psap/Prnp/Apoe",7,2.0797187167659,0.152173913043478,0.0202929943567235,7.4988397655105,15.5954774143606,"Astrocytes","24hrvs1hr_PTZ"
