"","ID","Description","GeneRatio","BgRatio","pvalue","p.adjust","qvalue","geneID","Count","log_p_adj","GeneRatio_numeric","BgRatio_numeric","Fold_enrichment","score","cell_type","comparison"
"GO:0005200","GO:0005200","structural constituent of cytoskeleton","6/63","63/17543",9.73549844936094e-08,2.2196936464543e-05,1.5064402863748e-05,"Tuba1a/Tubb2a/Tubb2b/Actb/Actg1/Ank3",6,4.65370696106078,0.0952380952380952,0.00359117596762241,26.5200302343159,123.416449308978,"Astrocytes","24hrvs1hr_SAL"
"GO:0098918","GO:0098918","structural constituent of synapse","4/63","34/17543",6.45897317977282e-06,0.0014726458849882,0.000499720556540318,"Dlg2/Actb/Actg1/Ppfia2",4,2.83190167181618,0.0634920634920635,0.00193809496665337,32.7600373482726,92.7732045353338,"Astrocytes","24hrvs1hr_SAL"
"GO:0099186","GO:0099186","structural constituent of postsynapse","3/63","24/17543",8.46518609386386e-05,0.0193006242940096,0.0033480960117536,"Dlg2/Actb/Actg1",3,1.71442864316536,0.0476190476190476,0.00136806703528473,34.8075396825397,59.675043029861,"Astrocytes","24hrvs1hr_SAL"
"GO:0008066","GO:0008066","glutamate receptor activity","3/63","26/17543",0.000108186775889997,0.0246665849029194,0.0033480960117536,"Grm3/Grm7/Grin2b",3,1.60789097456719,0.0476190476190476,0.00148207262155846,32.1300366300366,51.6615959099491,"Astrocytes","24hrvs1hr_SAL"
"GO:0140662","GO:0140662","ATP-dependent protein folding chaperone","3/63","26/17543",0.000108186775889997,0.0246665849029194,0.0033480960117536,"Hsp90aa1/Hspa8/Hsp90ab1",3,1.60789097456719,0.0476190476190476,0.00148207262155846,32.1300366300366,51.6615959099491,"Astrocytes","24hrvs1hr_SAL"
"GO:0045499","GO:0045499","chemorepellent activity","3/63","28/17543",0.000135618872053105,0.030921102828108,0.00349753933189587,"Nrg3/Sema6d/Nrg1",3,1.50974502498591,0.0476190476190476,0.00159607820783218,29.8350340136054,45.0432941723261,"Astrocytes","24hrvs1hr_SAL"
