"","ID","Description","GeneRatio","BgRatio","pvalue","p.adjust","qvalue","geneID","Count","log_p_adj","GeneRatio_numeric","BgRatio_numeric","Fold_enrichment","score","cell_type","comparison"
"GO:0005200","GO:0005200","structural constituent of cytoskeleton","2/3","63/17543",3.79894053826826e-05,0.00117767156686316,0.000199944238856224,"Tuba1a/Actb",2,2.92897581021671,0.666666666666667,0.00359117596762241,185.640211640212,543.735689297691,"OPCs","24hrvs1hr_SAL"
"GO:0005525","GO:0005525","GTP binding","2/3","312/17543",0.00093477279136973,0.0289779565324616,0.0014170475707496,"Tuba1a/Hsp90ab1",2,1.53793224336334,0.666666666666667,0.0177848714587015,37.4850427350427,57.6494558660748,"OPCs","24hrvs1hr_SAL"
"GO:0019001","GO:0019001","guanyl nucleotide binding","2/3","335/17543",0.00107695615376969,0.0333856407668605,0.0014170475707496,"Tuba1a/Hsp90ab1",2,1.4764402839852,0.666666666666667,0.0190959357008493,34.9114427860696,51.5446605013979,"OPCs","24hrvs1hr_SAL"
"GO:0032561","GO:0032561","guanyl ribonucleotide binding","2/3","335/17543",0.00107695615376969,0.0333856407668605,0.0014170475707496,"Tuba1a/Hsp90ab1",2,1.4764402839852,0.666666666666667,0.0190959357008493,34.9114427860696,51.5446605013979,"OPCs","24hrvs1hr_SAL"
