"","ID","Description","GeneRatio","BgRatio","pvalue","p.adjust","qvalue","geneID","Count","log_p_adj","GeneRatio_numeric","BgRatio_numeric","Fold_enrichment","score","cell_type","comparison"
"GO:0005003","GO:0005003","ephrin receptor activity","5/198","14/17543",3.20950211656501e-07,0.000139934292282234,0.000120947553445292,"Epha6/Epha7/Epha4/Epha5/Epha3",5,3.85407584430757,0.0252525252525253,0.000798039103916092,31.6432178932179,121.955361718412,"ExN_CA1","PTZvsSAL_1hr"
"GO:0005005","GO:0005005","transmembrane-ephrin receptor activity","4/198","11/17543",4.88286693322742e-06,0.00212892998288716,0.00092003492741864,"Epha6/Epha7/Epha4/Epha3",4,2.67183862157989,0.0202020202020202,0.000627030724505501,32.21854912764,86.0827638904978,"ExN_CA1","PTZvsSAL_1hr"
"GO:0050839","GO:0050839","cell adhesion molecule binding","13/198","280/17543",1.84121721044639e-05,0.00802770703754626,0.00231282723277125,"Kirrel3/Ntng1/Ptprz1/Nisch/Tnr/Cadm1/Cdh10/Nrxn2/Ptprt/Fbn1/Frmd5/Gsk3b/Hmgb1",13,2.09540848500102,0.0656565656565657,0.0159607820783218,4.11361832611833,8.61971074460405,"ExN_CA1","PTZvsSAL_1hr"
"GO:0003727","GO:0003727","single-stranded RNA binding","7/198","88/17543",6.15400697979484e-05,0.0268314704319055,0.00579772236517514,"Pabpn1/Pabpc4/Hnrnpdl/Ilf3/Hmgb1/Hnrnpa1/Pnpt1",7,1.57135552624853,0.0353535353535354,0.00501624579604401,7.04780762167126,11.0746114542496,"ExN_CA1","PTZvsSAL_1hr"
