"","ID","Description","GeneRatio","BgRatio","pvalue","p.adjust","qvalue","geneID","Count","log_p_adj","GeneRatio_numeric","BgRatio_numeric","Fold_enrichment","score","cell_type","comparison"
"GO:0008046","GO:0008046","axon guidance receptor activity","3/69","11/17543",9.39432225362687e-06,0.00248010107495749,0.00204697337526396,"Robo1/Robo2/Epha7",3,2.60553061941499,0.0434782608695652,0.000627030724505501,69.3399209486166,180.667287179436,"ExN_mDG","PTZvsSAL_1hr"
"GO:0005216","GO:0005216","monoatomic ion channel activity","8/69","372/17543",0.000102603641831569,0.0270873614435342,0.00690735455377784,"Kcnh7/Kcnj3/Cacna2d1/Trpm3/Asic2/Ano3/Cacna1c/Grik2",8,1.56723329715666,0.115942028985507,0.0212050390469133,5.46766401745364,8.56910510581871,"ExN_mDG","PTZvsSAL_1hr"
"GO:0005261","GO:0005261","monoatomic cation channel activity","7/69","277/17543",0.000106100255625641,0.0280104674851693,0.00690735455377784,"Kcnh7/Kcnj3/Cacna2d1/Trpm3/Asic2/Cacna1c/Grik2",7,1.55267964288885,0.101449275362319,0.0157897736989112,6.42499869198975,9.97596467463997,"ExN_mDG","PTZvsSAL_1hr"
"GO:0046873","GO:0046873","metal ion transmembrane transporter activity","8/69","400/17543",0.000168986828057516,0.0446125226071841,0.00690735455377784,"Slc8a1/Kcnh7/Kcnj3/Cacna2d1/Trpm3/Asic2/Cacna1c/Grik2",8,1.35054321895956,0.115942028985507,0.0228011172547455,5.08492753623188,6.86741440295871,"ExN_mDG","PTZvsSAL_1hr"
