"","ID","Description","GeneRatio","BgRatio","pvalue","p.adjust","qvalue","geneID","Count","log_p_adj","GeneRatio_numeric","BgRatio_numeric","Fold_enrichment","score","cell_type","comparison"
"GO:0005003","GO:0005003","ephrin receptor activity","5/423","14/17543",1.33151761322313e-05,0.00872144036661152,0.0080311536039669,"Epha4/Epha5/Epha3/Epha7/Ephb1",5,2.05941178437781,0.0118203309692671,0.000798039103916092,14.8117190138467,30.5034286840088,"ExcitatoryNeuronsCA3","PTZvsSAL_1hr"
"GO:0015631","GO:0015631","tubulin binding","23/423","364/17543",2.74375180198986e-05,0.0179715743030336,0.0082745778028431,"Polb/Nisch/Chp1/Clip3/Adnp/Ppargc1a/Kif13b/Numa1/Kif3c/Stim1/Jakmip3/Clasp1/Dnm2/Stmn4/Mapre3/Rab11a/Mid1/Ttll4/Fmn1/Zfp207/Tmod3/Rps3/Drg1",23,1.74541387719414,0.0543735224586288,0.0207490167018184,2.6205349024498,4.57391798440747,"ExcitatoryNeuronsCA3","PTZvsSAL_1hr"
"GO:0008017","GO:0008017","microtubule binding","18/423","258/17543",5.78907590972634e-05,0.0379184472087075,0.0116390894606077,"Polb/Chp1/Clip3/Kif13b/Numa1/Kif3c/Stim1/Jakmip3/Clasp1/Dnm2/Mapre3/Rab11a/Mid1/Fmn1/Zfp207/Tmod3/Rps3/Drg1",18,1.42114945568254,0.0425531914893617,0.0147067206293108,2.89345208642586,4.11202785766762,"ExcitatoryNeuronsCA3","PTZvsSAL_1hr"
