"","ID","Description","GeneRatio","BgRatio","pvalue","p.adjust","qvalue","geneID","Count","log_p_adj","GeneRatio_numeric","BgRatio_numeric","Fold_enrichment","score","cell_type","comparison"
"GO:0030215","GO:0030215","semaphorin receptor binding","1/4","21/17543",0.00478005178600649,0.0382404142880519,0.00893977213024552,"Sema6d",1,1.41747741132166,0.25,0.00119705865587414,208.845238095238,296.033407462095,"Astrocytes","PTZvsSAL_24hr"
"GO:0004683","GO:0004683","calmodulin-dependent protein kinase activity","1/4","24/17543",0.00546151478113255,0.0436921182490604,0.00893977213024552,"Camk1d",1,1.35959689963518,0.25,0.00136806703528473,182.739583333333,248.452170940625,"Astrocytes","PTZvsSAL_24hr"
