"","ID","Description","GeneRatio","BgRatio","pvalue","p.adjust","qvalue","geneID","Count","log_p_adj","GeneRatio_numeric","BgRatio_numeric","Fold_enrichment","score","cell_type","comparison"
"GO:0050839","GO:0050839","cell adhesion molecule binding","9/97","280/17543",2.47776433797418e-05,0.00785451295137816,0.00233356627646893,"Cdh11/Grin2a/Tenm2/Cntn1/Tjp1/Nlgn1/Nrcam/App/Acvr1",9,2.10488073985213,0.0927835051546392,0.0159607820783218,5.81321796759941,12.2361305365623,"ExcitatoryNeuronsImmatureDG","PTZvsSAL_1hr"
"GO:0005005","GO:0005005","transmembrane-ephrin receptor activity","3/97","11/17543",2.6183716094238e-05,0.00830023800187345,0.00233356627646893,"Epha7/Epha6/Ephb1",3,2.08090945444099,0.0309278350515464,0.000627030724505501,49.3242736644799,102.639347401851,"ExcitatoryNeuronsImmatureDG","PTZvsSAL_1hr"
"GO:0008046","GO:0008046","axon guidance receptor activity","3/97","11/17543",2.6183716094238e-05,0.00830023800187345,0.00233356627646893,"Epha7/Ephb1/Robo1",3,2.08090945444099,0.0309278350515464,0.000627030724505501,49.3242736644799,102.639347401851,"ExcitatoryNeuronsImmatureDG","PTZvsSAL_1hr"
"GO:0019199","GO:0019199","transmembrane receptor protein kinase activity","5/97","71/17543",4.54426229682163e-05,0.0144053114809246,0.00303748058787551,"Epha7/Epha6/Ephb1/Acvr1/Nrg2",5,1.84147734668699,0.0515463917525773,0.00404719831271732,12.7363147959924,23.4536351770944,"ExcitatoryNeuronsImmatureDG","PTZvsSAL_1hr"
"GO:0005003","GO:0005003","ephrin receptor activity","3/97","14/17543",5.70705441775713e-05,0.0180913625042901,0.00305177225707434,"Epha7/Epha6/Ephb1",3,1.74252872414008,0.0309278350515464,0.000798039103916092,38.7547864506627,67.5313285881945,"ExcitatoryNeuronsImmatureDG","PTZvsSAL_1hr"
"GO:0004713","GO:0004713","protein tyrosine kinase activity","6/97","127/17543",7.37510067567666e-05,0.023379069141895,0.00328644837126644,"Abl2/Epha7/Epha6/Ephb1/Nrg2/Map2k4",6,1.63117278464494,0.0618556701030928,0.00723935472838169,8.54436236707525,13.9373313553176,"ExcitatoryNeuronsImmatureDG","PTZvsSAL_1hr"
