pathway,pval,padj,log2err,ES,NES,size,leadingEdge
KEGG_OXIDATIVE_PHOSPHORYLATION,6.30446561257747e-06,2.20656296440212e-05,0.610526878385931,0.807866413395965,2.35917716403067,12,mt-Nd1|mt-Co3|mt-Co2|mt-Cytb|mt-Atp6|mt-Co1|mt-Nd2|mt-Nd3|mt-Nd4|Cox7c|Cox8a
KEGG_PARKINSONS_DISEASE,6.30446561257747e-06,2.20656296440212e-05,0.610526878385931,0.807866413395965,2.35917716403067,12,mt-Nd1|mt-Co3|mt-Co2|mt-Cytb|mt-Atp6|mt-Co1|mt-Nd2|mt-Nd3|mt-Nd4|Cox7c|Cox8a
KEGG_ALZHEIMERS_DISEASE,0.000508017007846064,0.00118537301830748,0.477270815362862,0.754098360655738,2.0097850359018,9,mt-Co3|mt-Co2|mt-Cytb|mt-Atp6|mt-Co1|Gapdh|Cox7c|Cox8a|Cox7b
KEGG_HUNTINGTONS_DISEASE,0.000942025723658759,0.00164854501640283,0.477270815362862,0.741935483870968,1.90032076036764,8,mt-Co3|mt-Co2|mt-Cytb|mt-Atp6|mt-Co1|Cox7c|Cox8a|Cox7b
KEGG_CARDIAC_MUSCLE_CONTRACTION,0.00455497311247862,0.00637696235747007,0.407017918923954,0.73015873015873,1.81373995440909,7,mt-Co3|mt-Co2|mt-Cytb|mt-Co1|Cox7c|Cox8a|Cox7b
KEGG_PATHOGENIC_ESCHERICHIA_COLI_INFECTION,0.0185169996006533,0.0216031662007622,0.352487857583619,0.723076923076923,1.62660026972024,5,Tubb2b|Tubb2a|Tuba1a|Actb|Tubb5
KEGG_GAP_JUNCTION,0.137704918032787,0.137704918032787,0.151148761385484,0.592924337197278,1.33381505622492,5,Tubb2b|Tubb2a|Tuba1a|Tubb5
