pathway,pval,padj,log2err,ES,NES,size,leadingEdge
KEGG_OXIDATIVE_PHOSPHORYLATION,0.00276487454872864,0.00691218637182159,0.431707695803346,0.800075279127712,1.91166716133839,8,mt-Co1|mt-Nd1|mt-Co3|mt-Co2|mt-Cytb|mt-Atp6|mt-Nd4
KEGG_PARKINSONS_DISEASE,0.00276487454872864,0.00691218637182159,0.431707695803346,0.800075279127712,1.91166716133839,8,mt-Co1|mt-Nd1|mt-Co3|mt-Co2|mt-Cytb|mt-Atp6|mt-Nd4
KEGG_ALZHEIMERS_DISEASE,0.00618627441585808,0.00729273999505976,0.407017918923954,0.780579995043296,1.76181421851147,6,mt-Co1|mt-Co3|mt-Co2|mt-Cytb|mt-Atp6
KEGG_CARDIAC_MUSCLE_CONTRACTION,0.00729273999505976,0.00729273999505976,0.407017918923954,0.776353256214203,1.75227422438618,6,mt-Co1|mt-Co3|mt-Co2|mt-Cytb
KEGG_HUNTINGTONS_DISEASE,0.00618627441585808,0.00729273999505976,0.407017918923954,0.780579995043296,1.76181421851147,6,mt-Co1|mt-Co3|mt-Co2|mt-Cytb|mt-Atp6
