pathway,pval,padj,log2err,ES,NES,size,leadingEdge
KEGG_OXIDATIVE_PHOSPHORYLATION,0.0248528909718285,0.049705781943657,0.352487857583619,0.862315859060318,1.76199293991249,6,mt-Co1|mt-Nd1|mt-Co2|mt-Co3|mt-Cytb
KEGG_PARKINSONS_DISEASE,0.0248528909718285,0.049705781943657,0.352487857583619,0.862315859060318,1.76199293991249,6,mt-Co1|mt-Nd1|mt-Co2|mt-Co3|mt-Cytb
KEGG_ALZHEIMERS_DISEASE,0.165289256198347,0.165289256198347,0.137250779610133,0.666666666666667,1.35661044396894,5,mt-Co1|mt-Co2|mt-Co3|mt-Cytb|mt-Atp6
KEGG_HUNTINGTONS_DISEASE,0.165289256198347,0.165289256198347,0.137250779610133,0.666666666666667,1.35661044396894,5,mt-Co1|mt-Co2|mt-Co3|mt-Cytb|mt-Atp6
