pathway,pval,padj,log2err,ES,NES,size,leadingEdge
KEGG_OXIDATIVE_PHOSPHORYLATION,4.91399671556978e-07,1.22849917889244e-06,0.659444398037935,0.943764229534861,2.61189254447542,10,mt-Nd1|mt-Co2|mt-Co3|mt-Cytb|mt-Nd2|mt-Co1|mt-Nd3|mt-Nd4|mt-Atp6
KEGG_PARKINSONS_DISEASE,4.91399671556978e-07,1.22849917889244e-06,0.659444398037935,0.943764229534861,2.61189254447542,10,mt-Nd1|mt-Co2|mt-Co3|mt-Cytb|mt-Nd2|mt-Co1|mt-Nd3|mt-Nd4|mt-Atp6
KEGG_CARDIAC_MUSCLE_CONTRACTION,0.00280197945275956,0.00466996575459926,0.431707695803346,0.82609069964179,1.82858231898283,5,mt-Co2|mt-Co3|mt-Cytb|mt-Co1
KEGG_ALZHEIMERS_DISEASE,0.00555526902885199,0.00555526902885199,0.407017918923954,0.780885369769147,1.86036625422835,6,mt-Co2|mt-Co3|mt-Cytb|mt-Co1|mt-Atp6
KEGG_HUNTINGTONS_DISEASE,0.00555526902885199,0.00555526902885199,0.407017918923954,0.780885369769147,1.86036625422835,6,mt-Co2|mt-Co3|mt-Cytb|mt-Co1|mt-Atp6
