pathway,pval,padj,log2err,ES,NES,size,leadingEdge
KEGG_OXIDATIVE_PHOSPHORYLATION,2.62098858434992e-09,7.86296575304975e-09,0.774939030136436,0.93421052631579,2.54411548089603,10,mt-Nd1|mt-Co3|mt-Atp6|mt-Co1|mt-Nd4|mt-Co2|mt-Nd2|mt-Cytb|Cox8a|Cox6a1
KEGG_PARKINSONS_DISEASE,2.62098858434992e-09,7.86296575304975e-09,0.774939030136436,0.93421052631579,2.54411548089603,10,mt-Nd1|mt-Co3|mt-Atp6|mt-Co1|mt-Nd4|mt-Co2|mt-Nd2|mt-Cytb|Cox8a|Cox6a1
KEGG_HUNTINGTONS_DISEASE,7.41065106740058e-06,1.48213021348012e-05,0.610526878385931,0.858744083904695,2.2159434192675,8,mt-Co3|mt-Atp6|mt-Co1|mt-Co2|mt-Cytb|Cox8a|Cox6a1
KEGG_ALZHEIMERS_DISEASE,2.95729796963101e-05,4.43594695444651e-05,0.575610261071129,0.827018399305011,2.19500253178765,9,mt-Co3|mt-Atp6|mt-Co1|mt-Co2|mt-Cytb|Cox8a|Cox6a1
KEGG_CARDIAC_MUSCLE_CONTRACTION,0.000251998900894904,0.000302398681073885,0.49849310876659,0.823266186119653,2.05968868400624,7,mt-Co3|mt-Co1|mt-Co2|mt-Cytb|Cox8a|Cox6a1
KEGG_PATHOGENIC_ESCHERICHIA_COLI_INFECTION,0.000582248331036072,0.000582248331036072,0.477270815362862,0.825,1.94311443754099,6,Tubb2a|Tubb2b|Actg1|Tuba1a|Tubb5|Actb
