pathway,pval,padj,log2err,ES,NES,size,leadingEdge
KEGG_ALZHEIMERS_DISEASE,0.690769230769231,0.690769230769231,0.0506004243853618,0.363636363636364,0.842143315691257,6,mt-Cytb|mt-Co1|mt-Co3|mt-Co2|Atp5b|mt-Atp6
KEGG_HUNTINGTONS_DISEASE,0.690769230769231,0.690769230769231,0.0506004243853618,0.363636363636364,0.842143315691257,6,mt-Cytb|mt-Co1|mt-Co3|mt-Co2|Atp5b|mt-Atp6
KEGG_OXIDATIVE_PHOSPHORYLATION,0.372549019607843,0.690769230769231,0.0797705918628453,0.444444444444444,1.07479932932828,8,mt-Cytb|mt-Nd1|mt-Nd4|mt-Co1|mt-Co3|mt-Co2|Atp5b|mt-Atp6
KEGG_PARKINSONS_DISEASE,0.372549019607843,0.690769230769231,0.0797705918628453,0.444444444444444,1.07479932932828,8,mt-Cytb|mt-Nd1|mt-Nd4|mt-Co1|mt-Co3|mt-Co2|Atp5b|mt-Atp6
