pathway,pval,padj,log2err,ES,NES,size,leadingEdge
KEGG_GAP_JUNCTION,1.88722322525726e-05,0.000132105625768008,0.575610261071129,-0.895833333333333,-2.06893396476148,6,Tubb2b|Tubb4b|Tuba1b|Tubb2a|Tubb5|Tuba1a
KEGG_PATHOGENIC_ESCHERICHIA_COLI_INFECTION,7.6891182216769e-05,0.000269119137758692,0.538434096309916,-0.829787234042553,-2.06431000044291,8,Tubb2b|Tubb4b|Tuba1b|Tubb2a|Tubb5|Actb|Tuba1a|Actg1
KEGG_OXIDATIVE_PHOSPHORYLATION,0.00331557767548926,0.00711252506567277,0.431707695803346,-0.650942146218657,-1.81236815392852,12,Atp5g3|Ndufa4|mt-Nd4|Atp6v0c|mt-Co3|mt-Co1|mt-Nd2|Atp5b|mt-Co2|mt-Cytb|mt-Nd1
KEGG_PARKINSONS_DISEASE,0.00406430003752729,0.00711252506567277,0.407017918923954,-0.63183724840947,-1.86507767045019,15,Ubb|Atp5g3|Ndufa4|mt-Nd4|mt-Co3|mt-Co1|Uchl1|Slc25a4|mt-Nd2|Atp5b|mt-Co2|mt-Cytb|mt-Nd1
KEGG_ALZHEIMERS_DISEASE,0.00645857988108436,0.00904201183351811,0.407017918923954,-0.652783675972668,-1.76551422388432,11,Atp5g3|Gapdh|Calm3|Ndufa4|mt-Co3|mt-Co1|Calm1|Atp5b|mt-Co2|mt-Cytb
KEGG_HUNTINGTONS_DISEASE,0.0287007531992666,0.0334842120658111,0.352487857583619,-0.623053810774556,-1.59658641138247,9,Atp5g3|Ndufa4|mt-Co3|mt-Co1|Slc25a4|Atp5b|mt-Co2|mt-Cytb
KEGG_CARDIAC_MUSCLE_CONTRACTION,0.108288770053476,0.108288770053476,0.154190966581424,-0.59375,-1.37127018594656,6,mt-Co3|mt-Co1|mt-Co2|mt-Cytb|Atp1b1|Atp1a3
