pathway,pval,padj,log2err,ES,NES,size,leadingEdge
KEGG_OXIDATIVE_PHOSPHORYLATION,3.19541755481639e-10,7.98854388704097e-10,0.814035837847908,0.96551724137931,2.56632782747174,9,mt-Co3|mt-Co2|mt-Nd1|mt-Atp6|mt-Co1|mt-Nd2|mt-Cytb|mt-Nd4|Cox6a1
KEGG_PARKINSONS_DISEASE,3.19541755481639e-10,7.98854388704097e-10,0.814035837847908,0.96551724137931,2.56632782747174,9,mt-Co3|mt-Co2|mt-Nd1|mt-Atp6|mt-Co1|mt-Nd2|mt-Cytb|mt-Nd4|Cox6a1
KEGG_ALZHEIMERS_DISEASE,2.40930901446845e-06,3.01163626808556e-06,0.627256739718528,0.933333333333333,2.25214469512943,6,mt-Co3|mt-Co2|mt-Atp6|mt-Co1|mt-Cytb|Cox6a1
KEGG_HUNTINGTONS_DISEASE,2.40930901446845e-06,3.01163626808556e-06,0.627256739718528,0.933333333333333,2.25214469512943,6,mt-Co3|mt-Co2|mt-Atp6|mt-Co1|mt-Cytb|Cox6a1
KEGG_CARDIAC_MUSCLE_CONTRACTION,2.34492188121666e-05,2.34492188121666e-05,0.575610261071129,0.923076923076923,2.08368532432698,5,mt-Co3|mt-Co2|mt-Co1|mt-Cytb|Cox6a1
