"","p_val","avg_log2FC","pct.1","pct.2","p_val_adj","gene","cell_type","comparison","Regulation"
"Cwc22",8.10153093375685e-08,0.798147745969217,0.776,0.626,0.00202919045297808,"Cwc22","CGE","PTZvsSAL_1hr","Up"
"AY036118",1.01210208015105e-07,-0.619582279469064,0.844,0.85,0.00253501208015434,"AY036118","CGE","PTZvsSAL_1hr","Down"
"Vps13b",3.01106391133994e-07,0.509335216788758,0.778,0.561,0.00754181177873314,"Vps13b","CGE","PTZvsSAL_1hr","Up"
"Nap1l5",4.6010194561522e-07,0.943711080092246,0.338,0.126,0.0115241734318244,"Nap1l5","CGE","PTZvsSAL_1hr","Up"
"Hivep2",5.81360597869756e-07,0.631288415006114,0.642,0.397,0.0145613388948438,"Hivep2","CGE","PTZvsSAL_1hr","Up"
"Wdr26",6.54885503049446e-07,0.506959746117774,0.435,0.196,0.0164029171948795,"Wdr26","CGE","PTZvsSAL_1hr","Up"
"Oxr1",8.69614330125284e-07,0.764096300565074,0.699,0.481,0.021781230126648,"Oxr1","CGE","PTZvsSAL_1hr","Up"
"Virma",1.36201228829696e-06,0.991676401829597,0.335,0.136,0.0341143217849739,"Virma","CGE","PTZvsSAL_1hr","Up"
"Ago1",1.44502589449284e-06,1.11273813751586,0.295,0.107,0.0361935635793623,"Ago1","CGE","PTZvsSAL_1hr","Up"
