"","p_val","avg_log2FC","pct.1","pct.2","p_val_adj","gene","cell_type","comparison","Regulation"
"Cwc22",3.57194672090454e-18,-1.26300721056158,0.565,0.869,8.94665495184961e-14,"Cwc22","CGE","PTZvsSAL_24hr","Down"
"mt-Nd1",4.91446164610602e-08,1.30267137759328,0.636,0.452,0.00123092520850017,"mt-Nd1","CGE","PTZvsSAL_24hr","Up"
"mt-Co2",1.06504557496096e-06,1.24170273435058,0.678,0.518,0.0266761965160472,"mt-Co2","CGE","PTZvsSAL_24hr","Up"
"mt-Co3",1.62978533463602e-06,1.11229065948023,0.762,0.628,0.0408212332766283,"mt-Co3","CGE","PTZvsSAL_24hr","Up"
