"","p_val","avg_log2FC","pct.1","pct.2","p_val_adj","gene","cell_type","comparison","Regulation"
"Gm42418",1.6175935176912e-22,-0.925889843846742,0.968,0.982,4.05158648376115e-18,"Gm42418","ExcitatoryNeuronsImmatureDG","24hrvs1hr_SAL","Down"
"Tuba1a",1.31979988017097e-14,-1.31762190668364,0.529,0.764,3.30570275986423e-10,"Tuba1a","ExcitatoryNeuronsImmatureDG","24hrvs1hr_SAL","Down"
"Tubb2b",1.2129201778002e-11,-1.96039493556056,0.236,0.473,3.03800116933616e-07,"Tubb2b","ExcitatoryNeuronsImmatureDG","24hrvs1hr_SAL","Down"
"Chl1",1.26735869986748e-09,1.60904765593112,0.458,0.127,3.17435333555808e-05,"Chl1","ExcitatoryNeuronsImmatureDG","24hrvs1hr_SAL","Up"
"Gm47283",9.32327059568736e-09,-1.5892021355772,0.313,0.509,0.000233519958610181,"Gm47283","ExcitatoryNeuronsImmatureDG","24hrvs1hr_SAL","Down"
"Cwc22",1.89023583554188e-08,0.922628055962946,0.779,0.482,0.000473447369728175,"Cwc22","ExcitatoryNeuronsImmatureDG","24hrvs1hr_SAL","Up"
"Malat1",1.23818235288431e-07,-0.253398283749693,1,1,0.00310127533926933,"Malat1","ExcitatoryNeuronsImmatureDG","24hrvs1hr_SAL","Down"
"Actg1",3.3594197764167e-07,-1.69124158755059,0.181,0.355,0.00841433871399091,"Actg1","ExcitatoryNeuronsImmatureDG","24hrvs1hr_SAL","Down"
"Gm4258",1.88860330420104e-06,1.40359114957634,0.407,0.155,0.0473038469603235,"Gm4258","ExcitatoryNeuronsImmatureDG","24hrvs1hr_SAL","Up"
