"","go","cluster","parent","score","size","term","parentTerm","termUniqueness","termUniquenessWithinCluster","termDispensability"
"GO:0005200","GO:0005200",1,"GO:0005200",7.32519504278881,73,"structural constituent of cytoskeleton","structural constituent of cytoskeleton",1,1,0
"GO:0031625","GO:0031625",2,"GO:0031625",5.94856235246036,338,"ubiquitin protein ligase binding","ubiquitin protein ligase binding",0.809666666666667,0.505,0
"GO:0044389","GO:0044389",2,"GO:0031625",5.70212740420152,358,"ubiquitin-like protein ligase binding","ubiquitin protein ligase binding",0.809222222222222,0.505,0.99
"GO:0005525","GO:0005525",3,"GO:0005525",2.86356923373364,363,"GTP binding","GTP binding",0.749777777777778,0.353666666666667,0
"GO:0097718","GO:0097718",4,"GO:0097718",2.68931891216147,36,"disordered domain specific binding","disordered domain specific binding",0.911333333333333,1,0
"GO:0019001","GO:0019001",3,"GO:0005525",2.61456776534658,387,"guanyl nucleotide binding","GTP binding",0.746444444444444,0.346666666666667,0.968
"GO:0032561","GO:0032561",3,"GO:0005525",2.61456776534658,387,"guanyl ribonucleotide binding","GTP binding",0.746222222222222,0.345666666666667,0.971
"GO:0048156","GO:0048156",5,"GO:0048156",1.58240635465109,22,"tau protein binding","tau protein binding",0.913555555555556,1,0
"GO:0005516","GO:0005516",6,"GO:0005516",1.52074144161314,195,"calmodulin binding","calmodulin binding",0.900666666666667,1,0
