"","ID","Description","GeneRatio","BgRatio","pvalue","p.adjust","qvalue","geneID","Count","log_p_adj","GeneRatio_numeric","BgRatio_numeric","Fold_enrichment","score","cell_type","comparison"
"GO:0072534","GO:0072534","perineuronal net","1/2","10/17673",0.00113138161024329,0.0407297379687583,0.000928844981237605,"Ptprz1",1,1.39008838390095,0.5,0.000565834889379279,883.65,1228.35160043407,"OPCs","PTZvsSAL_1hr"
"GO:0098966","GO:0098966","perisynaptic extracellular matrix","1/2","11/17673",0.00124448455067105,0.044801443824158,0.000928844981237605,"Ptprz1",1,1.34870798969024,0.5,0.000622418378317207,803.318181818182,1083.44165008162,"OPCs","PTZvsSAL_1hr"
