"","ID","Description","GeneRatio","BgRatio","pvalue","p.adjust","qvalue","geneID","Count","log_p_adj","GeneRatio_numeric","BgRatio_numeric","Fold_enrichment","score","cell_type","comparison"
"GO:0043209","GO:0043209","myelin sheath","15/36","192/17673",9.08433144801964e-21,1.99855291856432e-18,1.23355658609951e-18,"Tuba1a/Actb/Ppia/Gapdh/Ubb/Hspa8/Tuba1b/Actg1/Hsp90aa1/Uchl1/Ckb/Aldoa/Mdh1/Eef1a1/Calm1",15,17.6992843478111,0.416666666666667,0.0108640298760822,38.3528645833333,678.81825581351,"MGE","24hrvs1hr_SAL"
"GO:0005874","GO:0005874","microtubule","9/36","427/17673",1.3615097354308e-07,2.99532141794777e-05,9.24393451950387e-06,"Tuba1a/Tubb5/Tubb2b/Hspa8/Tuba1b/Tubb2a/Tubb3/Mid1/Calm1",9,4.52355656808223,0.25,0.0241611497764952,10.3471896955504,46.8060979084995,"MGE","24hrvs1hr_SAL"
"GO:0150034","GO:0150034","distal axon","8/36","379/17673",7.43603859303871e-07,0.000163592849046852,3.36578588948068e-05,"Actb/Hspa8/Actg1/Hsp90aa1/Hsp90ab1/Cfl1/Tubb3/Calm1",8,3.78623568408382,0.222222222222222,0.0214451423074747,10.3623570800352,39.2343261476478,"MGE","24hrvs1hr_SAL"
"GO:0045171","GO:0045171","intercellular bridge","4/36","90/17673",3.270183310002e-05,0.0071944032820044,0.00111014117629015,"Tubb5/Tubb2b/Tubb2a/Tubb3",4,2.14300522147438,0.111111111111111,0.00509251400441351,21.8185185185185,46.7571991100207,"MGE","24hrvs1hr_SAL"
"GO:0030426","GO:0030426","growth cone","5/36","211/17673",6.45251359788068e-05,0.0141955299153375,0.00170424336108126,"Hsp90aa1/Hsp90ab1/Cfl1/Tubb3/Calm1",5,1.84784839073859,0.138888888888889,0.0119391161659028,11.6330963665087,21.49619840016,"MGE","24hrvs1hr_SAL"
"GO:0030427","GO:0030427","site of polarized growth","5/36","218/17673",7.53037764198698e-05,0.0165668308123714,0.00170424336108126,"Hsp90aa1/Hsp90ab1/Cfl1/Tubb3/Calm1",5,1.78076056293478,0.138888888888889,0.0123352005884683,11.2595565749235,20.0505743047569,"MGE","24hrvs1hr_SAL"
"GO:0031904","GO:0031904","endosome lumen","2/36","10/17673",0.000179692310943187,0.0395323084075011,0.00348576061829641,"Gapdh/Hspa8",2,1.40304782518729,0.0555555555555556,0.000565834889379279,98.1833333333333,137.755912302972,"MGE","24hrvs1hr_SAL"
