"","ID","Description","GeneRatio","BgRatio","pvalue","p.adjust","qvalue","geneID","Count","log_p_adj","GeneRatio_numeric","BgRatio_numeric","Fold_enrichment","score","cell_type","comparison"
"GO:0071006","GO:0071006","U2-type catalytic step 1 spliceosome","1/2","13/17673",0.00147067122029287,0.0132360409826359,NA,"Cwc22",1,1.87824189680796,0.5,0.000735585356193063,679.730769230769,1276.69880931874,"OPCs","PTZvsSAL_24hr"
"GO:0071012","GO:0071012","catalytic step 1 spliceosome","1/2","13/17673",0.00147067122029287,0.0132360409826359,NA,"Cwc22",1,1.87824189680796,0.5,0.000735585356193063,679.730769230769,1276.69880931874,"OPCs","PTZvsSAL_24hr"
"GO:0071007","GO:0071007","U2-type catalytic step 2 spliceosome","1/2","30/17673",0.00339222370729342,0.0305300133656408,NA,"Cwc22",1,1.51527300557285,0.5,0.00169750466813784,294.55,446.323663791483,"OPCs","PTZvsSAL_24hr"
