"","ID","Description","GeneRatio","BgRatio","pvalue","p.adjust","qvalue","geneID","Count","log_p_adj","GeneRatio_numeric","BgRatio_numeric","Fold_enrichment","score","cell_type","comparison"
"GO:0043209","GO:0043209","myelin sheath","6/31","192/17673",8.92991319368813e-07,0.000153594506931436,0.000109038940049245,"Actg1/Tuba1a/Gapdh/Ubb/Gpi1/Atp6v1b2",6,3.81362431589321,0.193548387096774,0.0108640298760822,17.8155241935484,67.9417162648999,"ExN","CA1_PTZvsSAL_24hr"
"GO:0071013","GO:0071013","catalytic step 2 spliceosome","4/31","91/17673",1.860722194327e-05,0.00320044217424244,0.00113601986601017,"Cwc22/Pabpc1/Srrm2/Ddx5",4,2.49479001525285,0.129032258064516,0.00514909749335144,25.0591988656505,62.5174391202603,"ExN","CA1_PTZvsSAL_24hr"
