"","ID","Description","GeneRatio","BgRatio","pvalue","p.adjust","qvalue","geneID","Count","log_p_adj","GeneRatio_numeric","BgRatio_numeric","Fold_enrichment","score","cell_type","comparison"
"GO:0005874","GO:0005874","microtubule","7/30","427/17673",5.75855337869384e-06,0.000950161307484484,0.000557670432462983,"Tuba1a/Map1b/Dync1i2/Tubb5/Tubb2b/Mid1/Calm2",7,3.02220265891799,0.233333333333333,0.0241611497764952,9.65737704918033,29.1865505962064,"InN","MGE_PTZvsSAL_1hr"
"GO:0150034","GO:0150034","distal axon","6/30","379/17673",3.59007530411184e-05,0.00592362425178453,0.00173835225251731,"Map1b/Actb/Stmn2/Kcnq5/Calm2/Dpysl3",6,2.22741249750938,0.2,0.0214451423074747,9.32612137203166,20.7731192973526,"InN","MGE_PTZvsSAL_1hr"
"GO:0140288","GO:0140288","GBAF complex","2/30","14/17673",0.00025029910966469,0.0412993530946739,0.00807983090847421,"Brd9/Actb",2,1.38405675099769,0.0666666666666667,0.000792168845130991,84.1571428571429,116.478261716105,"InN","MGE_PTZvsSAL_1hr"
