"","ID","Description","GeneRatio","BgRatio","pvalue","p.adjust","qvalue","geneID","Count","log_p_adj","GeneRatio_numeric","BgRatio_numeric","Fold_enrichment","score","cell_type","comparison"
"GO:0043209","GO:0043209","myelin sheath","11/37","192/17673",1.24715418507811e-13,2.48183682830543e-11,1.37843357298106e-11,"Tuba1a/Ubb/Actb/Gapdh/Tuba1b/Actg1/Hsp90aa1/Hspa8/Calm3/Tubb4b/Ppia",11,10.6052267751725,0.297297297297297,0.0108640298760822,27.3652871621622,290.215076122447,"ExN_23","24hrvs1hr_SAL"
"GO:0005874","GO:0005874","microtubule","10/37","427/17673",1.18633893831136e-08,2.36081448723961e-06,6.55608360645754e-07,"Tuba1a/Tubb2a/Tubb2b/Tubb5/Tuba1b/Hspa8/Calm3/Mid1/Tubb4b/Nav3",10,5.62693813843316,0.27027027027027,0.0241611497764952,11.1861510222166,62.9437798091836,"ExN_23","24hrvs1hr_SAL"
"GO:0150034","GO:0150034","distal axon","8/37","379/17673",9.31122651530854e-07,0.00018529340765464,3.43045187406104e-05,"Actb/Actg1/Hsp90aa1/Hspa8/Cfl1/Calm3/Kcnc2/Hsp90ab1",8,3.73214003168025,0.216216216216216,0.0214451423074747,10.0822933751694,37.6285307166142,"ExN_23","24hrvs1hr_SAL"
"GO:0045171","GO:0045171","intercellular bridge","4/37","90/17673",3.65234629310308e-05,0.00726816912327513,0.00095781017993875,"Tubb2a/Tubb2b/Tubb5/Tubb4b",4,2.13857497563332,0.108108108108108,0.00509251400441351,21.2288288288288,45.3994420953366,"ExN_23","24hrvs1hr_SAL"
"GO:0005881","GO:0005881","cytoplasmic microtubule","4/37","94/17673",4.33295081400863e-05,0.00862257211987718,0.00095781017993875,"Tuba1a/Tuba1b/Mid1/Tubb4b",4,2.06436316447188,0.108108108108108,0.00531884796016522,20.3254744105808,41.9591606736189,"ExN_23","24hrvs1hr_SAL"
"GO:0031904","GO:0031904","endosome lumen","2/37","10/17673",0.000189903101545894,0.0377907172076328,0.00349821502847699,"Gapdh/Hspa8",2,1.4226148657871,0.0540540540540541,0.000565834889379279,95.5297297297297,135.902013638137,"ExN_23","24hrvs1hr_SAL"
