"","ID","Description","GeneRatio","BgRatio","pvalue","p.adjust","qvalue","geneID","Count","log_p_adj","GeneRatio_numeric","BgRatio_numeric","Fold_enrichment","score","cell_type","comparison"
"GO:0098871","GO:0098871","postsynaptic actin cytoskeleton","2/12","16/17673",5.04504462514963e-05,0.00554954908766459,0.00116904056964342,"Actg1/Actb",2,2.25574230276825,0.166666666666667,0.000905335823006847,184.09375,415.268059550242,"ExcitatoryNeuronsImmatureDG","24hrvs1hr_SAL"
"GO:0099571","GO:0099571","postsynaptic cytoskeleton","2/12","22/17673",9.6897499820007e-05,0.0106587249802008,0.00116904056964342,"Actg1/Actb",2,1.97229474345028,0.166666666666667,0.00124483675663441,133.886363636364,264.063371219672,"ExcitatoryNeuronsImmatureDG","24hrvs1hr_SAL"
"GO:0098685","GO:0098685","Schaffer collateral - CA1 synapse","3/12","142/17673",0.000105950997221809,0.011654609694399,0.00116904056964342,"Tubb2b/Actg1/Actb",3,1.93350226615088,0.25,0.00803485542918576,31.1144366197183,60.1598337142332,"ExcitatoryNeuronsImmatureDG","24hrvs1hr_SAL"
"GO:0035267","GO:0035267","NuA4 histone acetyltransferase complex","2/12","24/17673",0.000115686306370963,0.0127254937008059,0.00116904056964342,"Actg1/Actb",2,1.89532535968853,0.166666666666667,0.00135800373451027,122.729166666667,232.611701956774,"ExcitatoryNeuronsImmatureDG","24hrvs1hr_SAL"
"GO:0043189","GO:0043189","H4/H2A histone acetyltransferase complex","2/12","24/17673",0.000115686306370963,0.0127254937008059,0.00116904056964342,"Actg1/Actb",2,1.89532535968853,0.166666666666667,0.00135800373451027,122.729166666667,232.611701956774,"ExcitatoryNeuronsImmatureDG","24hrvs1hr_SAL"
"GO:0044305","GO:0044305","calyx of Held","2/12","30/17673",0.000181919391329752,0.0200111330462728,0.00153195276909265,"Actg1/Actb",2,1.69872832056854,0.166666666666667,0.00169750466813784,98.1833333333333,166.786808941155,"ExcitatoryNeuronsImmatureDG","24hrvs1hr_SAL"
"GO:0043209","GO:0043209","myelin sheath","3/12","192/17673",0.000258365564397412,0.0284202120837153,0.00185123650484014,"Tuba1a/Actg1/Actb",3,1.54637268550624,0.25,0.0108640298760822,23.01171875,35.5846933215518,"ExcitatoryNeuronsImmatureDG","24hrvs1hr_SAL"
"GO:1902562","GO:1902562","H4 histone acetyltransferase complex","2/12","38/17673",0.000293112446599688,0.0322423691259657,0.00185123650484014,"Actg1/Actb",2,1.49157305431943,0.166666666666667,0.00215017257964126,77.5131578947368,115.616537670997,"ExcitatoryNeuronsImmatureDG","24hrvs1hr_SAL"
