"","ID","Description","GeneRatio","BgRatio","pvalue","p.adjust","qvalue","geneID","Count","log_p_adj","GeneRatio_numeric","BgRatio_numeric","Fold_enrichment","score","cell_type","comparison"
"GO:0098684","GO:0098684","photoreceptor ribbon synapse","2/14","18/17673",8.85157691536827e-05,0.010887439605903,0.00288141755086994,"Sh3gl2/Hspa8",2,1.96307424106771,0.142857142857143,0.0010185028008827,140.261904761905,275.344532241187,"ExcitatoryNeuronsImmatureDG","24hrvs1hr_PTZ"
"GO:0098685","GO:0098685","Schaffer collateral - CA1 synapse","3/14","142/17673",0.000173245250370203,0.0213091657955349,0.00288141755086994,"Tubb2b/Actg1/Sh3gl2",3,1.67143355157568,0.214285714285714,0.00803485542918576,26.6695171026157,44.5763256896332,"ExcitatoryNeuronsImmatureDG","24hrvs1hr_PTZ"
"GO:0097470","GO:0097470","ribbon synapse","2/14","29/17673",0.000233718270101226,0.0287473472224507,0.00288141755086994,"Sh3gl2/Hspa8",2,1.5414022254024,0.142857142857143,0.00164092117919991,87.0591133004926,134.193110982939,"ExcitatoryNeuronsImmatureDG","24hrvs1hr_PTZ"
"GO:0005874","GO:0005874","microtubule","4/14","427/17673",0.000277488607920866,0.0341310987742666,0.00288141755086994,"Tuba1a/Tubb2b/Hspa8/Tubb5",4,1.46684973035835,0.285714285714286,0.0241611497764952,11.8253596520575,17.3460256170111,"ExcitatoryNeuronsImmatureDG","24hrvs1hr_PTZ"
"GO:0099523","GO:0099523","presynaptic cytosol","2/14","32/17673",0.000285140278471504,0.035072254251995,0.00288141755086994,"Sh3gl2/Hspa8",2,1.45503631915588,0.142857142857143,0.00181067164601369,78.8973214285714,114.798468162687,"ExcitatoryNeuronsImmatureDG","24hrvs1hr_PTZ"
