"","ID","Description","GeneRatio","BgRatio","pvalue","p.adjust","qvalue","geneID","Count","log_p_adj","GeneRatio_numeric","BgRatio_numeric","Fold_enrichment","score","cell_type","comparison"
"GO:0043197","GO:0043197","dendritic spine","5/45","204/17673",0.00016379393146892,0.0314484348420327,0.00578856378772195,"Slc1a3/Kcnn2/Grm3/Ntrk2/Syt11",5,1.50240096409417,0.111111111111111,0.0115430317433373,9.62581699346405,14.4618367311745,"Astrocytes","24hrvs1hr_PTZ"
"GO:0044309","GO:0044309","neuron spine","5/45","210/17673",0.000187477157708391,0.035995614280011,0.00578856378772195,"Slc1a3/Kcnn2/Grm3/Ntrk2/Syt11",5,1.44375041062216,0.111111111111111,0.0118825326769649,9.35079365079365,13.5002121729764,"Astrocytes","24hrvs1hr_PTZ"
"GO:0048786","GO:0048786","presynaptic active zone","4/45","118/17673",0.000227759016983722,0.0437297312608746,0.00578856378772195,"Gpm6a/Grm3/Ntrk2/Syt11",4,1.35922319158443,0.0888888888888889,0.00667685169467549,13.3129943502825,18.0953306703365,"Astrocytes","24hrvs1hr_PTZ"
"GO:0097060","GO:0097060","synaptic membrane","7/45","500/17673",0.000248609139295833,0.0477329547447999,0.00578856378772195,"Kcnn2/Gpm6a/Cpe/Grm3/Ntrk2/Syt11/Gphn",7,1.32118168129174,0.155555555555556,0.028291744468964,5.49826666666667,7.26420919885702,"Astrocytes","24hrvs1hr_PTZ"
