"","ID","Description","GeneRatio","BgRatio","pvalue","p.adjust","qvalue","geneID","Count","log_p_adj","GeneRatio_numeric","BgRatio_numeric","Fold_enrichment","score","cell_type","comparison"
"GO:0005684","GO:0005684","U2-type spliceosomal complex","3/20","92/17673",0.000145956514950707,0.0253964336014231,0.010716468362692,"Cwc22/Srrm2/Snrnp70",3,1.59522726668597,0.15,0.00520568098228937,28.8146739130435,45.965953506752,"ExN_56","PTZvsSAL_24hr"
"GO:0033268","GO:0033268","node of Ranvier","2/20","19/17673",0.000205669594839544,0.0357865095020807,0.010716468362692,"Spock1/Sptbn4",2,1.44628065919343,0.1,0.00107508628982063,93.0157894736842,134.526937315397,"ExN_56","PTZvsSAL_24hr"
