"","ID","Description","GeneRatio","BgRatio","pvalue","p.adjust","qvalue","geneID","Count","log_p_adj","GeneRatio_numeric","BgRatio_numeric","Fold_enrichment","score","cell_type","comparison"
"GO:0005903","GO:0005903","brush border","2/3","130/17673",0.000160308314178997,0.0134658983910357,0.00105187457561639,"Hsp90ab1/Actb",2,1.87076466689013,0.666666666666667,0.00735585356193063,90.6307692307692,169.548840809996,"OPCs","24hrvs1hr_SAL"
"GO:0098862","GO:0098862","cluster of actin-based cell projections","2/3","185/17673",0.000324717782788514,0.0272762937542352,0.00105187457561639,"Hsp90ab1/Actb",2,1.56421464103293,0.666666666666667,0.0104679454535167,63.6864864864865,99.6193345981082,"OPCs","24hrvs1hr_SAL"
"GO:0043209","GO:0043209","myelin sheath","2/3","192/17673",0.000349732194970537,0.0293775043775251,0.00105187457561639,"Tuba1a/Actb",2,1.53198510034646,0.666666666666667,0.0108640298760822,61.3645833333333,94.0096273556352,"OPCs","24hrvs1hr_SAL"
"GO:0036464","GO:0036464","cytoplasmic ribonucleoprotein granule","2/3","228/17673",0.000492909531518143,0.041404400647524,0.00105187457561639,"Tuba1a/Actb",2,1.38295349763831,0.666666666666667,0.0129010354778476,51.6754385964912,71.4647285490114,"OPCs","24hrvs1hr_SAL"
"GO:0035770","GO:0035770","ribonucleoprotein granule","2/3","246/17673",0.000573601324312775,0.0481825112422731,0.00105187457561639,"Tuba1a/Actb",2,1.31711056859172,0.666666666666667,0.0139195382787303,47.8943089430894,63.0821004843399,"OPCs","24hrvs1hr_SAL"
