"","ID","Description","GeneRatio","BgRatio","pvalue","p.adjust","qvalue","geneID","Count","log_p_adj","GeneRatio_numeric","BgRatio_numeric","Fold_enrichment","score","cell_type","comparison"
"GO:0071006","GO:0071006","U2-type catalytic step 1 spliceosome","1/1","13/17673",0.000735585356193003,0.00662026820573702,NA,"Cwc22",1,2.17912441570953,1,0.000735585356193063,1359.46153846154,2962.43583067958,"InN","CGE_PTZvsSAL_24hr"
"GO:0071012","GO:0071012","catalytic step 1 spliceosome","1/1","13/17673",0.000735585356193003,0.00662026820573702,NA,"Cwc22",1,2.17912441570953,1,0.000735585356193063,1359.46153846154,2962.43583067958,"InN","CGE_PTZvsSAL_24hr"
"GO:0071007","GO:0071007","U2-type catalytic step 2 spliceosome","1/1","30/17673",0.00169750466813767,0.0152775420132391,NA,"Cwc22",1,1.81594651329671,1,0.00169750466813784,589.1,1069.77409098309,"InN","CGE_PTZvsSAL_24hr"
"GO:0071005","GO:0071005","U2-type precatalytic spliceosome","1/1","52/17673",0.00294234142477234,0.0264810728229511,NA,"Cwc22",1,1.57706442438152,1,0.00294234142477225,339.865384615385,535.989607155665,"InN","CGE_PTZvsSAL_24hr"
"GO:0071011","GO:0071011","precatalytic spliceosome","1/1","54/17673",0.00305550840264801,0.0274995756238321,NA,"Cwc22",1,1.56067400819338,1,0.00305550840264811,327.277777777778,510.773921237065,"InN","CGE_PTZvsSAL_24hr"
"GO:0071013","GO:0071013","catalytic step 2 spliceosome","1/1","91/17673",0.00514909749335135,0.0463418774401622,NA,"Cwc22",1,1.33402637569524,1,0.00514909749335144,194.208791208791,259.079649864418,"InN","CGE_PTZvsSAL_24hr"
"GO:0005684","GO:0005684","U2-type spliceosomal complex","1/1","92/17673",0.00520568098228913,0.0468511288406022,NA,"Cwc22",1,1.3292799406708,1,0.00520568098228937,192.097826086957,255.351786863858,"InN","CGE_PTZvsSAL_24hr"
