"","ID","Description","GeneRatio","BgRatio","pvalue","p.adjust","qvalue","geneID","Count","log_p_adj","GeneRatio_numeric","BgRatio_numeric","Fold_enrichment","score","cell_type","comparison"
"GO:0043197","GO:0043197","dendritic spine","8/131","204/17673",0.000141300204938369,0.0391401567679282,0.017877197052188,"Pde4b/Tenm2/Hnrnpk/Grin2b/Ppp3ca/Ophn1/Apba2/Adam10",8,1.40737743919642,0.0610687022900763,0.0115430317433373,5.29052537045352,7.44576604787256,"Astrocytes","PTZvsSAL_24hr"
"GO:0044309","GO:0044309","neuron spine","8/131","210/17673",0.00017240216625088,0.0477554000514937,0.017877197052188,"Pde4b/Tenm2/Hnrnpk/Grin2b/Ppp3ca/Ophn1/Apba2/Adam10",8,1.32097751245792,0.0610687022900763,0.0118825326769649,5.13936750272628,6.78898889935843,"Astrocytes","PTZvsSAL_24hr"
