"","ID","Description","GeneRatio","BgRatio","pvalue","p.adjust","qvalue","geneID","Count","log_p_adj","GeneRatio_numeric","BgRatio_numeric","Fold_enrichment","score","cell_type","comparison"
"GO:0097470","GO:0097470","ribbon synapse","3/39","29/17673",3.4890461867853e-05,0.00425663634787807,0.00319523177105601,"Cacna1d/Rims2/Sh3gl2",3,2.37093345079912,0.0769230769230769,0.00164092117919991,46.8779840848806,111.144580572872,"L45ExcitatoryNeurons","PTZvsSAL_1hr"
"GO:0042734","GO:0042734","presynaptic membrane","5/39","231/17673",0.000146395328554779,0.017860230083683,0.00644596874885504,"Cacna1d/Chrm3/Rims2/Igsf21/Cntnap4",5,1.74811295063055,0.128205128205128,0.0130707859446613,9.80852480852481,17.1464092443632,"L45ExcitatoryNeurons","PTZvsSAL_1hr"
"GO:0097441","GO:0097441","basal dendrite","2/39","10/17673",0.000211161045221113,0.0257616475169758,0.00644596874885504,"Malat1/Sh3gl2",2,1.58902636628692,0.0512820512820513,0.000565834889379279,90.6307692307692,144.014681904558,"L45ExcitatoryNeurons","PTZvsSAL_1hr"
