"","ID","Description","GeneRatio","BgRatio","pvalue","p.adjust","qvalue","geneID","Count","log_p_adj","GeneRatio_numeric","BgRatio_numeric","Fold_enrichment","score","cell_type","comparison"
"GO:0005874","GO:0005874","microtubule","5/14","427/17673",1.34486512992481e-05,0.00151969759681503,0.000806919077954886,"Slc8a1/Tubb2a/Tuba1a/Tubb2b/Hspa8",5,2.81824282330555,0.357142857142857,0.0241611497764952,14.7816995650719,41.6584187155228,"ExcitatoryNeuronsCA3","PTZvsSAL_24hr"
"GO:1990124","GO:1990124","messenger ribonucleoprotein complex","2/14","16/17673",6.9487021628108e-05,0.0078520334439762,0.00208461064884324,"Hspa8/Pabpc1",2,2.10501785928811,0.142857142857143,0.000905335823006847,157.794642857143,332.160541314274,"ExcitatoryNeuronsCA3","PTZvsSAL_24hr"
"GO:0043204","GO:0043204","perikaryon","3/14","141/17673",0.0001696645044998,0.0191720890084774,0.00339329008999599,"Camk2b/Cacna1a/Hspa8",3,1.71733056341691,0.214285714285714,0.00797827194024784,26.8586626139818,46.1252021994939,"ExcitatoryNeuronsCA3","PTZvsSAL_24hr"
"GO:0043209","GO:0043209","myelin sheath","3/14","192/17673",0.000420678795207582,0.0475367038584568,0.00505554710220856,"Tuba1a/Eno1/Hspa8",3,1.32297093505445,0.214285714285714,0.0108640298760822,19.7243303571429,26.0947157759121,"ExcitatoryNeuronsCA3","PTZvsSAL_24hr"
"GO:0005681","GO:0005681","spliceosomal complex","3/14","194/17673",0.000433626702152593,0.048999817343243,0.00505554710220856,"Cwc22/Hspa8/Pabpc1",3,1.30980553888923,0.214285714285714,0.010977196853958,19.5209867452135,25.568696563464,"ExcitatoryNeuronsCA3","PTZvsSAL_24hr"
