"","ID","Description","GeneRatio","BgRatio","pvalue","p.adjust","qvalue","geneID","Count","log_p_adj","GeneRatio_numeric","BgRatio_numeric","Fold_enrichment","score","cell_type","comparison"
"GO:0043197","GO:0043197","dendritic spine","2/3","204/17673",0.000394756368303528,0.00947415283928468,0.00108680133226002,"Slc1a3/Kcnn2",2,2.02345961340978,0.666666666666667,0.0115430317433373,57.7549019607843,116.864711594088,"Astrocytes","PTZvsSAL_1hr"
"GO:0044309","GO:0044309","neuron spine","2/3","210/17673",0.000418282261519383,0.0100387742764652,0.00108680133226002,"Slc1a3/Kcnn2",2,1.99831931084283,0.666666666666667,0.0118825326769649,56.1047619047619,112.115229144525,"Astrocytes","PTZvsSAL_1hr"
"GO:0043292","GO:0043292","contractile fiber","2/3","216/17673",0.000442483399563007,0.0106196015895122,0.00108680133226002,"Cst3/Kcnn2",2,1.97389177616623,0.666666666666667,0.0122220336105924,54.5462962962963,107.668485679586,"Astrocytes","PTZvsSAL_1hr"
