pathway,pval,padj,log2err,ES,NES,size,leadingEdge
GOBP_CELL_CELL_SIGNALING,0.540100250626566,0.540100250626566,0.0524827622635459,-0.427356652342856,-0.94089047338972,6,Tubb2b
GOBP_HOMEOSTATIC_PROCESS,0.260025873221216,0.540100250626566,0.0911073131586733,-0.568038961297655,-1.20234096109568,5,Sgcz|Atp1b1
GOBP_LOCOMOTION,0.168175937904269,0.540100250626566,0.118287526124085,-0.614048851364697,-1.29972789969006,5,Tubb2b|Ptprk
GOBP_REGULATION_OF_TRANS_SYNAPTIC_SIGNALING,0.411384217335058,0.540100250626566,0.0668966276500666,-0.490332725692004,-1.03786388053101,5,Tubb2b
GOBP_SYNAPTIC_SIGNALING,0.540100250626566,0.540100250626566,0.0524827622635459,-0.427356652342856,-0.94089047338972,6,Tubb2b
