"","ID","Description","GeneRatio","BgRatio","pvalue","p.adjust","qvalue","geneID","Count","log_p_adj","GeneRatio_numeric","BgRatio_numeric","Fold_enrichment","score","cell_type","comparison"
"GO:0050684","GO:0050684","regulation of mRNA processing","7/86","124/17643",2.42346819849345e-06,0.00383392669001664,0.00367346758508481,"Ddx5/Snrnp70/Safb/Malat1/Hspa8/Cdc73/Celf5",7,2.41635619568999,0.0813953488372093,0.00702828317179618,11.5811140285071,27.9840966357755,"ExcitatoryNeuronsCA1","PTZvsSAL_24hr"
"GO:0006397","GO:0006397","mRNA processing","11/86","454/17643",1.24981463626398e-05,0.0197720675456962,0.00947227934852704,"Cwc22/Ddx5/Srrm2/Snrnp70/Pabpc1/Safb/Malat1/Rsrc1/Hspa8/Cdc73/Celf5",11,1.70394791456403,0.127906976744186,0.0257325851612538,4.97062288699928,8.46968250238667,"ExcitatoryNeuronsCA1","PTZvsSAL_24hr"
