"","ID","Description","GeneRatio","BgRatio","pvalue","p.adjust","qvalue","geneID","Count","log_p_adj","GeneRatio_numeric","BgRatio_numeric","Fold_enrichment","score","cell_type","comparison"
"GO:0000375","GO:0000375","RNA splicing, via transesterification reactions","4/12","264/17643",2.20707501153459e-05,0.00862966329510026,0.00198249544895739,"Cwc22/Ddx5/Srrm2/Hspa8",4,2.06400614888881,0.333333333333333,0.0149634415915661,22.2765151515151,45.978864248542,"ExcitatoryNeuronsCA3","PTZvsSAL_24hr"
"GO:0000377","GO:0000377","RNA splicing, via transesterification reactions with bulged adenosine as nucleophile","4/12","264/17643",2.20707501153459e-05,0.00862966329510026,0.00198249544895739,"Cwc22/Ddx5/Srrm2/Hspa8",4,2.06400614888881,0.333333333333333,0.0149634415915661,22.2765151515151,45.978864248542,"ExcitatoryNeuronsCA3","PTZvsSAL_24hr"
"GO:0000398","GO:0000398","mRNA splicing, via spliceosome","4/12","264/17643",2.20707501153459e-05,0.00862966329510026,0.00198249544895739,"Cwc22/Ddx5/Srrm2/Hspa8",4,2.06400614888881,0.333333333333333,0.0149634415915661,22.2765151515151,45.978864248542,"ExcitatoryNeuronsCA3","PTZvsSAL_24hr"
"GO:0021987","GO:0021987","cerebral cortex development","3/12","117/17643",5.98619999572658e-05,0.0234060419832909,0.0040328084181737,"Tuba1a/Tubb2a/Tubb2b",3,1.6306720203122,0.25,0.00663152525080769,37.6987179487179,61.4742445606158,"ExcitatoryNeuronsCA3","PTZvsSAL_24hr"
"GO:0008380","GO:0008380","RNA splicing","4/12","406/17643",0.000118131589081864,0.0461894513310089,0.00636667090630679,"Cwc22/Ddx5/Srrm2/Hspa8",4,1.33545719656121,0.333333333333333,0.0230119594173327,14.4852216748768,19.3443935294988,"ExcitatoryNeuronsCA3","PTZvsSAL_24hr"
