"","ID","Description","GeneRatio","BgRatio","pvalue","p.adjust","qvalue","geneID","Count","log_p_adj","GeneRatio_numeric","BgRatio_numeric","Fold_enrichment","score","cell_type","comparison"
"GO:0099173","GO:0099173","postsynapse organization","9/70","248/17643",5.7120893473777e-07,0.000904794952624628,0.000614565310868428,"Magi2/Homer1/Grin2a/Actb/Cnksr2/Nptx1/Epha7/Epha4/Rapgef4",9,3.04344983077644,0.128571428571429,0.0140565663435924,9.14671658986175,27.8375730575748,"ExcitatoryNeuronsCA3","PTZvsSAL_1hr"
"GO:1902414","GO:1902414","protein localization to cell junction","7/70","132/17643",9.05875943095432e-07,0.00143490749386316,0.000614565310868428,"Magi2/Homer1/Grin2a/Actb/Nptx1/Mapk10/Rapgef4",7,2.84317609628173,0.1,0.00748172079578303,13.3659090909091,38.0016332323474,"ExcitatoryNeuronsCA3","PTZvsSAL_1hr"
"GO:0035418","GO:0035418","protein localization to synapse","6/70","99/17643",2.62798932255283e-06,0.00416273508692369,0.00118858885500723,"Magi2/Homer1/Grin2a/Nptx1/Mapk10/Rapgef4",6,2.38062122638154,0.0857142857142857,0.00561129059683727,15.2753246753247,36.3647621619476,"ExcitatoryNeuronsCA3","PTZvsSAL_1hr"
"GO:1903539","GO:1903539","protein localization to postsynaptic membrane","5/70","66/17643",6.29889781190168e-06,0.00997745413405226,0.00184151220595138,"Magi2/Grin2a/Nptx1/Mapk10/Rapgef4",5,2.00098025997328,0.0714285714285714,0.00374086039789152,19.0941558441558,38.2070289250094,"ExcitatoryNeuronsCA3","PTZvsSAL_1hr"
"GO:0062237","GO:0062237","protein localization to postsynapse","5/70","67/17643",6.78602248120173e-06,0.0107490596102235,0.00184151220595138,"Magi2/Grin2a/Nptx1/Mapk10/Rapgef4",5,1.96862952867443,0.0714285714285714,0.00379754010088987,18.8091684434968,37.0282844076791,"ExcitatoryNeuronsCA3","PTZvsSAL_1hr"
"GO:0099003","GO:0099003","vesicle-mediated transport in synapse","8/70","262/17643",9.05637883526791e-06,0.0143453040750644,0.00204801268748427,"Stxbp5l/Magi2/Actb/Rims1/Syt1/Mapk10/Cltc/Rapgef4",8,1.84329024165131,0.114285714285714,0.0148500821855693,7.69596510359869,14.1858973755525,"ExcitatoryNeuronsCA3","PTZvsSAL_1hr"
"GO:0099504","GO:0099504","synaptic vesicle cycle","7/70","222/17643",2.77956946177282e-05,0.0440283802744814,0.00538776697176716,"Stxbp5l/Magi2/Actb/Rims1/Syt1/Cltc/Rapgef4",7,1.35626729116536,0.1,0.0125828940656351,7.9472972972973,10.7786593774912,"ExcitatoryNeuronsCA3","PTZvsSAL_1hr"
