"","ID","Description","GeneRatio","BgRatio","pvalue","p.adjust","qvalue","geneID","Count","log_p_adj","GeneRatio_numeric","BgRatio_numeric","Fold_enrichment","score","cell_type","comparison"
"GO:0007409","GO:0007409","axonogenesis","6/20","456/17643",8.21662460498645e-06,0.00578450372191046,0.00392668165333037,"Zeb2/Mef2c/Rufy3/Unc5c/Tubb2b/Actg1",6,2.23773389515323,0.3,0.0258459445672505,11.6072368421053,25.9739073106503,"ExcitatoryNeuronsImmatureDG","24hrvs1hr_PTZ"
"GO:0021543","GO:0021543","pallium development","4/20","175/17643",4.0024612940569e-05,0.0281773275101606,0.00878715775537276,"Tuba1a/Zeb2/Fat4/Tubb2b",4,1.55010020010635,0.2,0.00991894802471235,20.1634285714286,31.2553346634015,"ExcitatoryNeuronsImmatureDG","24hrvs1hr_PTZ"
"GO:0001764","GO:0001764","neuron migration","4/20","190/17643",5.5161673133948e-05,0.0388338178862994,0.00878715775537276,"Tuba1a/Mef2c/Unc5c/Tubb2b",4,1.41078991036965,0.2,0.0107691435696877,18.5715789473684,26.2005961985807,"ExcitatoryNeuronsImmatureDG","24hrvs1hr_PTZ"
