"","ID","Description","GeneRatio","BgRatio","pvalue","p.adjust","qvalue","geneID","Count","log_p_adj","GeneRatio_numeric","BgRatio_numeric","Fold_enrichment","score","cell_type","comparison"
"GO:0048167","GO:0048167","regulation of synaptic plasticity","6/36","248/17643",9.93212099201248e-06,0.0110842470270859,0.00833252676908837,"Rims2/Fgf14/Rasgrf2/Nr3c1/Epha4/Mapk1",6,1.95529380395577,0.166666666666667,0.0140565663435924,11.8568548387097,23.1836348005321,"L45ExcitatoryNeurons","PTZvsSAL_1hr"
"GO:0098742","GO:0098742","cell-cell adhesion via plasma-membrane adhesion molecules","5/36","192/17643",4.15267186283998e-05,0.0463438179892942,0.0174193656562288,"Il1rapl1/Cdh6/Nectin3/Robo2/Efna5",5,1.33400819015375,0.138888888888889,0.0108825029756844,12.7625868055556,17.0253953261593,"L45ExcitatoryNeurons","PTZvsSAL_1hr"
