"","ID","Description","GeneRatio","BgRatio","pvalue","p.adjust","qvalue","geneID","Count","log_p_adj","GeneRatio_numeric","BgRatio_numeric","Fold_enrichment","score","cell_type","comparison"
"GO:0035418","GO:0035418","protein localization to synapse","5/51","99/17643",9.61938078433917e-06,0.0111392429482648,0.00418357112877259,"Gphn/Snap25/Nbea/Homer1/Mapt",5,1.95314432393458,0.0980392156862745,0.00561129059683727,17.4717765894236,34.124901274686,"MGE","24hrvs1hr_PTZ"
"GO:0048588","GO:0048588","developmental cell growth","7/51","270/17643",1.18451433279093e-05,0.013716675973719,0.00418357112877259,"Hsp90aa1/Rims2/Zeb2/Rufy3/Ttc3/Syt4/Mapt",7,1.86275112049336,0.137254901960784,0.0153035198095562,8.96884531590414,16.7067266617321,"MGE","24hrvs1hr_PTZ"
"GO:0060560","GO:0060560","developmental growth involved in morphogenesis","7/51","273/17643",1.2724842814303e-05,0.0147353679789628,0.00418357112877259,"Hsp90aa1/Rims2/Zeb2/Rufy3/Ttc3/Syt4/Mapt",7,1.8316390142601,0.137254901960784,0.0154735589185513,8.87028657616893,16.2471629605786,"MGE","24hrvs1hr_PTZ"
"GO:1990138","GO:1990138","neuron projection extension","6/51","200/17643",2.31867882242815e-05,0.026850300763718,0.00571737383319784,"Hsp90aa1/Rims2/Rufy3/Ttc3/Syt4/Mapt",6,1.57105084518634,0.117647058823529,0.0113359405996713,10.3782352941176,16.3047353303663,"MGE","24hrvs1hr_PTZ"
"GO:0099072","GO:0099072","regulation of postsynaptic membrane neurotransmitter receptor levels","5/51","132/17643",3.87240011826336e-05,0.0448423933694897,0.006217369838486,"Cpt1c/Gphn/Hsp90aa1/Snap25/Nbea",5,1.34831121589367,0.0980392156862745,0.00748172079578303,13.1038324420677,17.6680442528313,"MGE","24hrvs1hr_PTZ"
"GO:1902414","GO:1902414","protein localization to cell junction","5/51","132/17643",3.87240011826336e-05,0.0448423933694897,0.006217369838486,"Gphn/Snap25/Nbea/Homer1/Mapt",5,1.34831121589367,0.0980392156862745,0.00748172079578303,13.1038324420677,17.6680442528313,"MGE","24hrvs1hr_PTZ"
