"","ID","Description","GeneRatio","BgRatio","pvalue","p.adjust","qvalue","geneID","Count","log_p_adj","GeneRatio_numeric","BgRatio_numeric","Fold_enrichment","score","cell_type","comparison"
"GO:0022898","GO:0022898","regulation of transmembrane transporter activity","14/184","262/17643",6.68290531331882e-07,0.00176896503643549,0.00128462980322643,"Actb/Taco1/Atp1b1/Cfl1/Cacna1a/Calm1/Cacng2/Cacng3/Trpc6/Dnm2/Ndufa4/Dapk1/Rph3a/Cacna1d",14,2.75228075082866,0.0760869565217391,0.0148500821855693,5.12367241951543,14.101784973784,"MGE","24hrvs1hr_SAL"
"GO:0032409","GO:0032409","regulation of transporter activity","14/184","273/17643",1.09159061991512e-06,0.00288944037091533,0.00128462980322643,"Actb/Taco1/Atp1b1/Cfl1/Cacna1a/Calm1/Cacng2/Cacng3/Trpc6/Dnm2/Ndufa4/Dapk1/Rph3a/Cacna1d",14,2.53918626359581,0.0760869565217391,0.0154735589185513,4.91722408026756,12.4857478396379,"MGE","24hrvs1hr_SAL"
"GO:0032412","GO:0032412","regulation of monoatomic ion transmembrane transporter activity","13/184","254/17643",2.73246564653965e-06,0.00723283656639045,0.00214378708268865,"Taco1/Atp1b1/Cfl1/Cacna1a/Calm1/Cacng2/Cacng3/Trpc6/Dnm2/Ndufa4/Dapk1/Rph3a/Cacna1d",13,2.14069134813622,0.0706521739130435,0.0143966445615825,4.9075445053064,10.5055380631028,"MGE","24hrvs1hr_SAL"
"GO:0030032","GO:0030032","lamellipodium assembly","7/184","71/17643",9.06704469921847e-06,0.0240004673188313,0.00533523998617171,"Hsp90aa1/Ablim2/Ablim1/Cfl1/Mtor/Dnm2/Ablim3",7,1.61978030195448,0.0380434782608696,0.0040242589128833,9.45353643600735,15.3126521028537,"MGE","24hrvs1hr_SAL"
