"","ID","Description","GeneRatio","BgRatio","pvalue","p.adjust","qvalue","geneID","Count","log_p_adj","GeneRatio_numeric","BgRatio_numeric","Fold_enrichment","score","cell_type","comparison"
"GO:0045793","GO:0045793","positive regulation of cell size","3/38","19/17643",8.72216533758455e-06,0.0103183215943625,0.00809784192394692,"Prr16/Hsp90aa1/Hsp90ab1",3,1.98639094045956,0.0789473684210526,0.00107691435696877,73.308864265928,145.620063833219,"ExN","23_24hrvs1hr_SAL"
"GO:0050807","GO:0050807","regulation of synapse organization","6/38","298/17643",3.86746156498835e-05,0.0457520703138122,0.0138748295402839,"Tuba1a/Tubb5/Hspa8/Cfl1/Il1rapl2/Asic2",6,1.33958924901784,0.157894736842105,0.0168905514935102,9.34811020840692,12.5226279338158,"ExN","23_24hrvs1hr_SAL"
