"","ID","Description","GeneRatio","BgRatio","pvalue","p.adjust","qvalue","geneID","Count","log_p_adj","GeneRatio_numeric","BgRatio_numeric","Fold_enrichment","score","cell_type","comparison"
"GO:0007026","GO:0007026","negative regulation of microtubule depolymerization","3/32","35/17643",3.41006811085298e-05,0.0338278756596616,0.0174472429319999,"Map1b/Stmn2/Mid1",3,1.470725274404,0.09375,0.00198378960494247,47.2580357142857,69.5035875436868,"InN","MGE_PTZvsSAL_1hr"
"GO:0031114","GO:0031114","regulation of microtubule depolymerization","3/32","38/17643",4.37909664079257e-05,0.0434406386766623,0.0174472429319999,"Map1b/Stmn2/Mid1",3,1.36210379825091,0.09375,0.00215382871393754,43.5271381578947,59.2884802118603,"InN","MGE_PTZvsSAL_1hr"
