"","ID","Description","GeneRatio","BgRatio","pvalue","p.adjust","qvalue","geneID","Count","log_p_adj","GeneRatio_numeric","BgRatio_numeric","Fold_enrichment","score","cell_type","comparison"
"GO:0006397","GO:0006397","mRNA processing","7/31","454/17643",1.0982795868713e-05,0.00919260014211277,0.00708679354475901,"Cwc22/Pabpc1/Srrm2/Malat1/Ddx5/Safb/Celf5",7,2.03656163032719,0.225806451612903,0.0257325851612538,8.77511723745914,17.871067067432,"ExN_CA1","PTZvsSAL_24hr"
"GO:0051402","GO:0051402","neuron apoptotic process","6/31","337/17643",2.2849921635391e-05,0.0191253844088222,0.00737210629604982,"Tuba1a/Gapdh/Ubb/Hsp90ab1/Gpi1/Prkcg",6,1.7183898270265,0.193548387096774,0.0191010599104461,10.1328611084522,17.4122054474367,"ExN_CA1","PTZvsSAL_24hr"
