"","ID","Description","GeneRatio","BgRatio","pvalue","p.adjust","qvalue","geneID","Count","log_p_adj","GeneRatio_numeric","BgRatio_numeric","Fold_enrichment","score","cell_type","comparison"
"GO:0045793","GO:0045793","positive regulation of cell size","3/37","19/17643",8.03904202650405e-06,0.00971116276801689,0.00488726126850311,"Hsp90aa1/Hsp90ab1/Akt3",3,2.01272876664193,0.0810810810810811,0.00107691435696877,75.2901849217639,151.538721037825,"InN_MGE","24hrvs1hr_SAL"
"GO:0044794","GO:0044794","positive regulation by host of viral process","3/37","21/17643",1.1002128448052e-05,0.0132905711652469,0.00488726126850311,"Hspa8/Cfl1/Eef1a1",3,1.87645635475442,0.0810810810810811,0.00119027376296548,68.1196911196911,127.823627285453,"InN_MGE","24hrvs1hr_SAL"
"GO:0046184","GO:0046184","aldehyde biosynthetic process","3/37","25/17643",1.89165701194954e-05,0.0228512167043505,0.00560195971258041,"Gapdh/Aldoa/Mdh1",3,1.64109067113383,0.0810810810810811,0.00141699257495891,57.2205405405405,93.9040952783163,"InN_MGE","24hrvs1hr_SAL"
"GO:0007409","GO:0007409","axonogenesis","7/37","456/17643",3.86984040006518e-05,0.0467476720327874,0.0080782555927451,"Actb/Tubb2b/Actg1/Hsp90aa1/Hsp90ab1/Uchl1/Tubb3",7,1.33024001149709,0.189189189189189,0.0258459445672505,7.31987908961593,9.73719604432797,"InN_MGE","24hrvs1hr_SAL"
