"","ID","Description","GeneRatio","BgRatio","pvalue","p.adjust","qvalue","geneID","Count","log_p_adj","GeneRatio_numeric","BgRatio_numeric","Fold_enrichment","score","cell_type","comparison"
"GO:0007409","GO:0007409","axonogenesis","12/99","456/17643",9.29149838547974e-06,0.0178489683985066,0.0163041345353629,"Ptprz1/Ank3/Tnr/Apc/Tenm2/Kalrn/Hsp90ab1/Cdh11/Sema6d/Alcam/Trio/Notch1",12,1.74838687937155,0.121212121212121,0.0258459445672505,4.68979266347687,8.19957195979592,"OPCs","PTZvsSAL_1hr"
"GO:0086010","GO:0086010","membrane depolarization during action potential","4/99","29/17643",1.98901735619598e-05,0.0382090234125248,0.0174510101725195,"Ank3/Scn8a/Cacna1c/Scn3a",4,1.41783406233702,0.0404040404040404,0.00164371138695233,24.5809822361547,34.8517539001213,"OPCs","PTZvsSAL_1hr"
