"","ID","Description","GeneRatio","BgRatio","pvalue","p.adjust","qvalue","geneID","Count","log_p_adj","GeneRatio_numeric","BgRatio_numeric","Fold_enrichment","score","cell_type","comparison"
"GO:0003148","GO:0003148","outflow tract septum morphogenesis","4/137","20/17643",1.53064065726274e-05,0.0387405150353199,0.0200397189708141,"Sema3c/Robo1/Fgfr2/Smad4",4,1.41183460985566,0.0291970802919708,0.00113359405996713,25.756204379562,36.3635007615817,"Astrocytes","PTZvsSAL_24hr"
"GO:0050919","GO:0050919","negative chemotaxis","5/137","42/17643",1.77177599090492e-05,0.0448436503298035,0.0200397189708141,"Sema6d/Nrg3/Sema3c/Robo1/Plxna4",5,1.34829904251851,0.0364963503649635,0.00238054752593096,15.3310740354536,20.6708724427825,"Astrocytes","PTZvsSAL_24hr"
