"","ID","Description","GeneRatio","BgRatio","pvalue","p.adjust","qvalue","geneID","Count","log_p_adj","GeneRatio_numeric","BgRatio_numeric","Fold_enrichment","score","cell_type","comparison"
"GO:0050807","GO:0050807","regulation of synapse organization","4/15","298/17643",9.39975841192661e-05,0.0440848669519358,0.0126615046648643,"Tuba1a/Hspa8/Tubb5/Clstn1",4,1.35571046556984,0.266666666666667,0.0168905514935102,15.7879194630872,21.4038476456812,"ExN","iDG_24hrvs1hr_PTZ"
"GO:0050803","GO:0050803","regulation of synapse structure or activity","4/15","306/17643",0.00010414071027379,0.0488419931184073,0.0126615046648643,"Tuba1a/Hspa8/Tubb5/Clstn1",4,1.31120662190438,0.266666666666667,0.017343989117497,15.3751633986928,20.1600160612279,"ExN","iDG_24hrvs1hr_PTZ"
