"","ID","Description","GeneRatio","BgRatio","pvalue","p.adjust","qvalue","geneID","Count","log_p_adj","GeneRatio_numeric","BgRatio_numeric","Fold_enrichment","score","cell_type","comparison"
"GO:0048024","GO:0048024","regulation of mRNA splicing, via spliceosome","10/245","100/17643",1.28611246922534e-06,0.00398180420472167,0.00230270521099935,"Hspa8/Srsf6/Malat1/Snrnp70/Celf4/Ncl/Nova2/Khdrbs2/Ddx5/Rbm39",10,2.3999200991302,0.0408163265306122,0.00566797029983563,7.20122448979592,17.2823633914098,"MGE","PTZvsSAL_24hr"
"GO:0007409","GO:0007409","axonogenesis","21/245","456/17643",1.6788717962006e-06,0.00519778708103706,0.00230270521099935,"Actg1/Hsp90ab1/Actb/Arx/Cttn/Ntrk3/Trak1/Sema3c/Chl1/Bmpr2/Flot1/Aplp1/Sema6d/Kif5a/Lrrc4c/Hsp90aa1/Nova2/Unc5d/Zdhhc17/Slc25a46/Ext1",21,2.28418151464351,0.0857142857142857,0.0258459445672505,3.31635338345865,7.5751530945217,"MGE","PTZvsSAL_24hr"
"GO:0045793","GO:0045793","positive regulation of cell size","5/245","19/17643",4.91670757069867e-06,0.0152221266388831,0.00449576839622482,"Hsp90ab1/Ogt/Prkd1/Hsp90aa1/Map3k7",5,1.81752466931229,0.0204081632653061,0.00107691435696877,18.9505907626208,34.4431662091049,"MGE","PTZvsSAL_24hr"
"GO:0050684","GO:0050684","regulation of mRNA processing","10/245","124/17643",9.06511017913177e-06,0.028065581114592,0.00621675713863616,"Hspa8/Srsf6/Malat1/Snrnp70/Celf4/Ncl/Nova2/Khdrbs2/Ddx5/Rbm39",10,1.551825961025,0.0408163265306122,0.00702828317179618,5.80743910467413,9.01213476970511,"MGE","PTZvsSAL_24hr"
"GO:1902414","GO:1902414","protein localization to cell junction","10/245","132/17643",1.57366367772302e-05,0.0487206274623046,0.00863361588241301,"Actg1/Actb/Ogt/Gripap1/Clstn3/Clstn1/Kif5a/Homer1/Tjp1/Cplx1",10,1.31228712715552,0.0408163265306122,0.00748172079578303,5.45547309833024,7.15914711948203,"MGE","PTZvsSAL_24hr"
