"","ID","Description","GeneRatio","BgRatio","pvalue","p.adjust","qvalue","geneID","Count","log_p_adj","GeneRatio_numeric","BgRatio_numeric","Fold_enrichment","score","cell_type","comparison"
"GO:0007409","GO:0007409","axonogenesis","17/102","456/17643",9.7101482371824e-10,1.85463831330184e-06,1.62415005777714e-06,"Tubb2b/Actb/Hsp90aa1/Actg1/Hsp90ab1/Uchl1/Nefl/Rab3a/Tubb3/Slit3/Ndn/Chl1/Trim46/Tenm2/Alcam/Mt3/Cntn6",17,5.73174077276199,0.166666666666667,0.0258459445672505,6.4484649122807,36.9609292594444,"ExN_CA3","24hrvs1hr_SAL"
"GO:0072384","GO:0072384","organelle transport along microtubule","6/102","86/17643",1.04131401398811e-05,0.0198890976671729,0.00804644066143974,"Tuba1a/Ubb/Uchl1/Nefl/Rasgrp1/Trim46",6,1.70138491959336,0.0588235294117647,0.00487445445785864,12.0677154582763,20.531829094655,"ExN_CA3","24hrvs1hr_SAL"
"GO:0001764","GO:0001764","neuron migration","8/102","190/17643",1.44319420296433e-05,0.0275650092766188,0.00804644066143974,"Tuba1a/Tubb2b/Hsp90aa1/Kirrel3/Ndn/Chl1/Ywhae/Trim46",8,1.55964185702895,0.0784313725490196,0.0107691435696877,7.28297213622291,11.3588281872288,"ExN_CA3","24hrvs1hr_SAL"
"GO:0022898","GO:0022898","regulation of transmembrane transporter activity","9/102","262/17643",2.10517689344144e-05,0.0402088786647315,0.00880296337810118,"Actb/Cfl1/Ywhah/Calm1/Calm3/Ywhae/Ndufa4/Slc25a4/Prrt1",9,1.39567803822536,0.0882352941176471,0.0148500821855693,5.94173776380781,8.29275290584085,"ExN_CA3","24hrvs1hr_SAL"
