"","ID","Description","GeneRatio","BgRatio","pvalue","p.adjust","qvalue","geneID","Count","log_p_adj","GeneRatio_numeric","BgRatio_numeric","Fold_enrichment","score","cell_type","comparison"
"GO:0050807","GO:0050807","regulation of synapse organization","16/148","298/17643",4.32705547668407e-09,1.05883047514459e-05,6.91136793207671e-06,"Hspa8/Tuba1a/Grid1/Robo1/Camkv/Camk2b/Kif1a/Eif4g1/Dvl1/Itsn1/Ctnna2/Lrrtm3/Lrfn5/Tiam1/App/Grin1",16,4.97517356737384,0.108108108108108,0.0168905514935102,6.40050789044078,31.8436376742887,"CGE","PTZvsSAL_24hr"
"GO:0050803","GO:0050803","regulation of synapse structure or activity","16/148","306/17643",6.31326878410853e-09,1.54485687147136e-05,6.91136793207671e-06,"Hspa8/Tuba1a/Grid1/Robo1/Camkv/Camk2b/Kif1a/Eif4g1/Dvl1/Itsn1/Ctnna2/Lrrtm3/Lrfn5/Tiam1/App/Grin1",16,4.81111175106737,0.108108108108108,0.017343989117497,6.23317435082141,29.9884983656886,"CGE","PTZvsSAL_24hr"
"GO:0007409","GO:0007409","axonogenesis","16/148","456/17643",1.46177936647347e-06,0.00357697410976059,0.0010668424850052,"Tubb2b/Hsp90ab1/Lmtk2/Robo1/Lgi1/Dvl1/Actb/Plppr4/Ctnna2/Actg1/Tiam1/App/Bmpr2/Nfib/Fgfr2/Grin1",16,2.44648420327535,0.108108108108108,0.0258459445672505,4.1827880512091,10.233124892932,"CGE","PTZvsSAL_24hr"
"GO:0099175","GO:0099175","regulation of postsynapse organization","9/148","138/17643",2.46371989244568e-06,0.00602872257681459,0.00134856246744395,"Hspa8/Grid1/Camk2b/Kif1a/Dvl1/Itsn1/Tiam1/App/Grin1",9,2.21977470056501,0.0608108108108108,0.00782179901377317,7.77452996474736,17.2577049245308,"CGE","PTZvsSAL_24hr"
"GO:0030900","GO:0030900","forebrain development","13/148","380/17643",1.93792606112379e-05,0.0474210507156992,0.0084860762255526,"Tubb2a/Tubb2b/Tuba1a/Chd5/Trappc9/Robo1/Kif1a/App/Nfib/Fgfr2/Grin1/Herc1/Kras",13,1.3240288275199,0.0878378378378378,0.0215382871393754,4.07821834992888,5.39967866022646,"CGE","PTZvsSAL_24hr"
