"","ID","Description","GeneRatio","BgRatio","pvalue","p.adjust","qvalue","geneID","Count","log_p_adj","GeneRatio_numeric","BgRatio_numeric","Fold_enrichment","score","cell_type","comparison"
"GO:0099072","GO:0099072","regulation of postsynaptic membrane neurotransmitter receptor levels","7/66","132/17643",6.03286887198555e-07,0.00096405244574329,0.000799513885245243,"Dlg2/Hsp90aa1/Nbea/Cntnap2/Gpc6/Lrrc7/Nrg1",7,3.01589933925344,0.106060606060606,0.00748172079578303,14.1759641873278,42.7532810258424,"Astrocytes","24hrvs1hr_SAL"
"GO:0030705","GO:0030705","cytoskeleton-dependent intracellular transport","7/66","200/17643",9.57805989629083e-06,0.0153057397142727,0.0043471986194631,"Ubb/Dlg2/Tuba1a/Hspa8/Ank3/Ppfia2/Myo10",7,1.81514567645124,0.106060606060606,0.0113359405996713,9.35613636363636,16.9827504687428,"Astrocytes","24hrvs1hr_SAL"
"GO:1902414","GO:1902414","protein localization to cell junction","6/66","132/17643",9.84075938480526e-06,0.0157255334969188,0.0043471986194631,"Dlg2/Actb/Actg1/Nbea/Gpc6/Lrrc7",6,1.80339461196615,0.0909090909090909,0.00748172079578303,12.150826446281,21.9127349441589,"Astrocytes","24hrvs1hr_SAL"
"GO:0097120","GO:0097120","receptor localization to synapse","5/66","86/17643",1.73091592633311e-05,0.0276600365028031,0.00468406141351911,"Dlg2/Nbea/Anks1b/Gpc6/Lrrc7",5,1.55814725109021,0.0757575757575758,0.00487445445785864,15.541754756871,24.2163424515368,"Astrocytes","24hrvs1hr_SAL"
"GO:0045161","GO:0045161","neuronal ion channel clustering","3/66","14/17643",1.76721935776138e-05,0.0282401653370268,0.00468406141351911,"Dlg2/Ank3/Cntnap2",3,1.54913276495918,0.0454545454545455,0.000793515841976988,57.2824675324675,88.7381473122558,"Astrocytes","24hrvs1hr_SAL"
