"","ID","Description","GeneRatio","BgRatio","pvalue","p.adjust","qvalue","geneID","Count","log_p_adj","GeneRatio_numeric","BgRatio_numeric","Fold_enrichment","score","cell_type","comparison"
"GO:0010976","GO:0010976","positive regulation of neuron projection development","14/263","231/17643",1.00851156659256e-05,0.0300032191061285,0.020388456686359,"Arsb/Tubb2b/Cpeb1/Atp8a2/Dhx36/Ntrk3/Rit2/Braf/Clip1/Pacsin1/Rapgef2/Fbxo38/Rapgef1/Camk1d",14,1.52283214644613,0.0532319391634981,0.0130930113926203,4.06567576909782,6.19134175820924,"MGE","PTZvsSAL_1hr"
"GO:0046834","GO:0046834","lipid phosphorylation","4/263","11/17643",1.4667954450618e-05,0.0436371644905886,0.020388456686359,"Dgkd/Dgkz/Dgkg/Agk",4,1.36014347728853,0.0152091254752852,0.000623476732981919,24.3940546145869,33.1794142686507,"MGE","PTZvsSAL_1hr"
