"","ID","Description","GeneRatio","BgRatio","pvalue","p.adjust","qvalue","geneID","Count","log_p_adj","GeneRatio_numeric","BgRatio_numeric","Fold_enrichment","score","cell_type","comparison"
"GO:0050807","GO:0050807","regulation of synapse organization","13/128","298/17643",2.6164532376219e-07,0.000583207426665922,0.000366396672759307,"Tuba1a/Nlgn1/Snca/Adgrl2/Cask/Grid2/Cttnbp2/Slit2/C1ql3/Gpr158/Tubb5/Syndig1/Ctnna2",13,3.23417695427257,0.1015625,0.0168905514935102,6.01297713926174,19.4470320903681,"L45ExcitatoryNeurons","PTZvsSAL_24hr"
"GO:0050803","GO:0050803","regulation of synapse structure or activity","13/128","306/17643",3.54096479268913e-07,0.000789281052290407,0.000366396672759307,"Tuba1a/Nlgn1/Snca/Adgrl2/Cask/Grid2/Cttnbp2/Slit2/C1ql3/Gpr158/Tubb5/Syndig1/Ctnna2",13,3.10276832286864,0.1015625,0.017343989117497,5.85577512254902,18.1691135560873,"L45ExcitatoryNeurons","PTZvsSAL_24hr"
"GO:0034329","GO:0034329","cell junction assembly","14/128","431/17643",3.01293711994243e-06,0.00671583684035168,0.00170768839922355,"Pcdh17/Nlgn1/Snca/Pclo/Adgrl2/Actb/Grid2/Slit2/Epha3/C1ql3/Syndig1/Rapgef1/Pkn2/Lims1",14,2.17289986348629,0.109375,0.0244289519922916,4.47726943155452,9.72865813661618,"L45ExcitatoryNeurons","PTZvsSAL_24hr"
"GO:0099003","GO:0099003","vesicle-mediated transport in synapse","11/128","262/17643",3.30072020195803e-06,0.00735730533016444,0.00170768839922355,"Pcdh17/Nlgn1/Snca/Pclo/Kcnh1/Rims1/Actb/Cask/Sh3gl2/Eps15/Syndig1",11,2.13328122024485,0.0859375,0.0148500821855693,5.78700500954198,12.3453091083188,"L45ExcitatoryNeurons","PTZvsSAL_24hr"
"GO:0099504","GO:0099504","synaptic vesicle cycle","10/128","222/17643",5.05444515720913e-06,0.0112663582554191,0.00201751388358143,"Pcdh17/Nlgn1/Snca/Pclo/Kcnh1/Rims1/Actb/Cask/Sh3gl2/Syndig1",10,1.94821644288605,0.078125,0.0125828940656351,6.20882601351351,12.0961369305457,"L45ExcitatoryNeurons","PTZvsSAL_24hr"
"GO:0001964","GO:0001964","startle response","5/128","36/17643",5.84935357905095e-06,0.0130382091277046,0.00201751388358143,"Tuba1a/Kcnh1/Grid2/Pcdh15/Ctnna2",5,1.88478205732868,0.0390625,0.00204046930794083,19.1438802083333,36.0820419243163,"L45ExcitatoryNeurons","PTZvsSAL_24hr"
"GO:0097091","GO:0097091","synaptic vesicle clustering","4/128","20/17643",1.17034214282514e-05,0.0260869263635723,0.00345998895157026,"Pcdh17/Nlgn1/Pclo/Syndig1",4,1.58357708770605,0.03125,0.00113359405996713,27.5671875,43.6547664974965,"L45ExcitatoryNeurons","PTZvsSAL_24hr"
