"","ID","Description","GeneRatio","BgRatio","pvalue","p.adjust","qvalue","geneID","Count","log_p_adj","GeneRatio_numeric","BgRatio_numeric","Fold_enrichment","score","cell_type","comparison"
"GO:0001764","GO:0001764","neuron migration","3/7","190/17643",4.16812878955525e-05,0.00646059962381063,0.00302737775241381,"Tuba1a/Tubb2b/Chl1",3,2.18972717221745,0.428571428571429,0.0107691435696877,39.7962406015038,87.1429093972162,"ExcitatoryNeuronsImmatureDG","24hrvs1hr_SAL"
"GO:0035640","GO:0035640","exploration behavior","2/7","41/17643",0.000109835072136241,0.0170244361811174,0.00398874735652665,"Tuba1a/Chl1",2,1.76892726223363,0.285714285714286,0.00232386782293261,122.947735191638,217.485600610369,"ExcitatoryNeuronsImmatureDG","24hrvs1hr_SAL"
