"","ID","Description","GeneRatio","BgRatio","pvalue","p.adjust","qvalue","geneID","Count","log_p_adj","GeneRatio_numeric","BgRatio_numeric","Fold_enrichment","score","cell_type","comparison"
"GO:1990138","GO:1990138","neuron projection extension","24/629","200/17643",2.04914927243147e-07,0.000847528139077656,0.000828287705909142,"Hsp90aa1/Hsp90ab1/Sema3c/Ndn/Cpne1/Trim46/Smurf1/Slit3/D130043K22Rik/Sema6a/Rufy3/Abl1/Sh3glb1/Cdkl3/Spg11/Bdnf/Bcl11a/Map3k13/Wdr36/Rnf157/Slc23a2/Prkn/Mgll/Tmem108",24,3.07184587372278,0.0381558028616852,0.0113359405996713,3.36591414944356,10.3395694912733,"ExcitatoryNeuronsCA3","24hrvs1hr_SAL"
"GO:0048588","GO:0048588","developmental cell growth","27/629","270/17643",1.43928798372544e-06,0.00595289510068844,0.00240021197031518,"Hsp90aa1/Hsp90ab1/Sema3c/Ndn/Cpne1/Trim46/Smurf1/Slit3/D130043K22Rik/Sema6a/Rufy3/Abl1/Sh3glb1/Cdkl3/Spg11/Bdnf/Bcl11a/Map3k13/Rbm10/Sorbs2/Wdr36/Ist1/Rnf157/Slc23a2/Prkn/Mgll/Tmem108",27,2.22527177032807,0.0429252782193959,0.0153035198095562,2.80492845786963,6.24172811508713,"ExcitatoryNeuronsCA3","24hrvs1hr_SAL"
"GO:0060560","GO:0060560","developmental growth involved in morphogenesis","27/629","273/17643",1.7814073217183e-06,0.00736790068262688,0.00240021197031518,"Hsp90aa1/Hsp90ab1/Sema3c/Cfl1/Ndn/Cpne1/Trim46/Smurf1/Slit3/D130043K22Rik/Sema6a/Rufy3/Abl1/Sh3glb1/Cdkl3/Spg11/Bdnf/Bcl11a/Map3k13/Wdr36/Ist1/Rnf157/Slc12a2/Slc23a2/Prkn/Mgll/Tmem108",27,2.13265623694772,0.0429252782193959,0.0154735589185513,2.77410506822272,5.91621247569345,"ExcitatoryNeuronsCA3","24hrvs1hr_SAL"
"GO:0048675","GO:0048675","axon extension","17/629","135/17643",6.31251687159117e-06,0.0261085697809011,0.00637896441760792,"Hsp90aa1/Hsp90ab1/Sema3c/Ndn/Trim46/Smurf1/Slit3/D130043K22Rik/Sema6a/Rufy3/Abl1/Cdkl3/Spg11/Bdnf/Map3k13/Wdr36/Mgll",17,1.58321691803822,0.027027027027027,0.0076517599047781,3.53213213213213,5.59213134833801,"ExcitatoryNeuronsCA3","24hrvs1hr_SAL"
