"","p_val","avg_log2FC","pct.1","pct.2","p_val_adj","gene","cell_type","comparison","Regulation","Viz"
"Slc1a3",2.90412425978308e-08,0.415571529379939,0.981,0.96,0.000727396003347868,"Slc1a3","Astrocytes","PTZvsSAL_1hr","Up","Sig"
"Cst3",2.50973916427251e-07,0.453407372411884,0.957,0.915,0.00628614368475335,"Cst3","Astrocytes","PTZvsSAL_1hr","Up","Sig"
"Kcnn2",3.43746432335573e-07,0.926898172510244,0.698,0.542,0.00860981689070911,"Kcnn2","Astrocytes","PTZvsSAL_1hr","Up","Sig"
