"","p_val","avg_log2FC","pct.1","pct.2","p_val_adj","gene","cell_type","comparison","Regulation","Viz"
"Cwc22",4.35329235063088e-28,-1.32220897678989,0.601,0.955,1.09036913506252e-23,"Cwc22","MGE","PTZvsSAL_24hr","Down","Sig"
"mt-Co2",1.28936867067162e-09,1.09539447783715,0.771,0.554,3.2294817094312e-05,"mt-Co2","MGE","PTZvsSAL_24hr","Up","Sig"
"mt-Nd1",1.5504335121887e-09,1.29813445262431,0.65,0.436,3.88337081797904e-05,"mt-Nd1","MGE","PTZvsSAL_24hr","Up","Sig"
"mt-Co3",2.74359038778068e-08,1.01631206718445,0.798,0.641,0.000687187084427428,"mt-Co3","MGE","PTZvsSAL_24hr","Up","Sig"
"mt-Co1",3.59443593050366e-08,1.19854994841616,0.655,0.516,0.000900298367513253,"mt-Co1","MGE","PTZvsSAL_24hr","Up","Sig"
"Kcnip1",3.22710956954514e-07,-0.715521558618599,0.592,0.826,0.00808294133883971,"Kcnip1","MGE","PTZvsSAL_24hr","Down","Sig"
"mt-Atp6",4.46958133212556e-07,0.917790745731982,0.695,0.54,0.0111949603625749,"mt-Atp6","MGE","PTZvsSAL_24hr","Up","Sig"
