"","p_val","avg_log2FC","pct.1","pct.2","p_val_adj","gene","cell_type","comparison","Regulation","Viz"
"Gm42418",3.3534534597652e-20,-0.781192747880773,0.979,0.99,8.39939488067388e-16,"Gm42418","OPCs","24hrvs1hr_SAL","Down","Sig"
"Gm47283",3.91528307910397e-11,-1.61937470799121,0.28,0.448,9.80660952823172e-07,"Gm47283","OPCs","24hrvs1hr_SAL","Down","Sig"
"mt-Co3",6.59109239370462e-11,-1.14921368778862,0.453,0.714,1.6508709118512e-06,"mt-Co3","OPCs","24hrvs1hr_SAL","Down","Sig"
"AY036118",8.97568669113189e-11,-1.02177215136711,0.49,0.599,2.2481402455278e-06,"AY036118","OPCs","24hrvs1hr_SAL","Down","Sig"
"Tuba1a",1.0668883909147e-08,-1.31777618153688,0.313,0.464,0.000267223535272405,"Tuba1a","OPCs","24hrvs1hr_SAL","Down","Sig"
"Hsp90ab1",1.66786607532002e-08,-1.7959240969516,0.111,0.276,0.000417750415885405,"Hsp90ab1","OPCs","24hrvs1hr_SAL","Down","Sig"
"Actb",1.54264082139141e-06,-1.71057392428916,0.137,0.26,0.0386385246533908,"Actb","OPCs","24hrvs1hr_SAL","Down","Sig"
