"","p_val","avg_log2FC","pct.1","pct.2","p_val_adj","gene","cell_type","comparison","Regulation","Viz"
"Cwc22",3.88287875921416e-28,-1.54334564606804,0.353,0.72,9.72544642820369e-24,"Cwc22","OPCs","PTZvsSAL_24hr","Down","Sig"
"mt-Atp6",8.98866108748959e-13,1.06253821755241,0.605,0.355,2.25138994258352e-08,"mt-Atp6","OPCs","PTZvsSAL_24hr","Up","Sig"
"mt-Nd1",1.50605293581348e-11,1.30468652415689,0.486,0.282,3.77221078833202e-07,"mt-Nd1","OPCs","PTZvsSAL_24hr","Up","Sig"
"mt-Co3",2.46973531031806e-10,1.00750664976473,0.672,0.453,6.18594603175364e-06,"mt-Co3","OPCs","PTZvsSAL_24hr","Up","Sig"
"mt-Co2",4.75667575539556e-08,0.891773809362468,0.593,0.404,0.00119140457645393,"mt-Co2","OPCs","PTZvsSAL_24hr","Up","Sig"
"Gm42418",7.76087827007738e-08,-0.422671307829337,0.93,0.979,0.00194386718030628,"Gm42418","OPCs","PTZvsSAL_24hr","Down","Sig"
"Camk1d",1.16792092256607e-06,-0.696982302153101,0.495,0.658,0.0292529153475122,"Camk1d","OPCs","PTZvsSAL_24hr","Down","Sig"
"mt-Co1",1.5782671759074e-06,0.851043619181414,0.52,0.345,0.0395308579549527,"mt-Co1","OPCs","PTZvsSAL_24hr","Up","Sig"
