pathway,pval,padj,log2err,ES,NES,size,leadingEdge
REACTOME_RESPIRATORY_ELECTRON_TRANSPORT_ATP_SYNTHESIS_BY_CHEMIOSMOTIC_COUPLING_AND_HEAT_PRODUCTION_BY_UNCOUPLING_PROTEINS,0.00150117671282849,0.00600470685131397,0.45505986738723,0.800075279127712,1.93439387950505,8,mt-Co1|mt-Nd1|mt-Co3|mt-Co2|mt-Cytb|mt-Atp6|mt-Nd4
REACTOME_THE_CITRIC_ACID_TCA_CYCLE_AND_RESPIRATORY_ELECTRON_TRANSPORT,0.00150117671282849,0.00600470685131397,0.45505986738723,0.800075279127712,1.93439387950505,8,mt-Co1|mt-Nd1|mt-Co3|mt-Co2|mt-Cytb|mt-Atp6|mt-Nd4
REACTOME_RESPIRATORY_ELECTRON_TRANSPORT,0.00479472177502245,0.0127859247333932,0.407017918923954,0.777241144977883,1.82957486792812,7,mt-Co1|mt-Nd1|mt-Co3|mt-Co2|mt-Cytb
REACTOME_CELLULAR_RESPONSES_TO_STIMULI,0.0252447658637857,0.0504895317275714,0.352487857583619,0.666666666666667,1.61184322689738,8,mt-Co1|mt-Co3|mt-Co2|Tubb2b|Hspa8|Tuba1a|Tubb2a|Cox7b
REACTOME_METABOLISM_OF_RNA,0.25,0.4,0.176694268938498,-0.475594777609697,-1.21113960303157,5,Cwc22|Pabpc1|Ddx5|Srrm2
REACTOME_DEVELOPMENTAL_BIOLOGY,0.474034620505992,0.541753852006848,0.0614364107201271,0.471218653342244,1.00238761313076,5,Tubb2b|Hspa8|Tuba1a|Tubb2a
REACTOME_NERVOUS_SYSTEM_DEVELOPMENT,0.474034620505992,0.541753852006848,0.0614364107201271,0.471218653342244,1.00238761313076,5,Tubb2b|Hspa8|Tuba1a|Tubb2a
REACTOME_POST_TRANSLATIONAL_PROTEIN_MODIFICATION,0.616492146596859,0.616492146596859,0.0484087618816951,0.398001631741376,0.90243587487972,6,Tubb2b|Hspa8|Tuba1a|Tubb2a
