pathway,pval,padj,log2err,ES,NES,size,leadingEdge
REACTOME_CELLULAR_RESPONSES_TO_STIMULI,0.206106870229008,0.412213740458015,0.115734447701689,0.583333333333333,1.30689539322895,5,Tubb4b|Tubb2a|mt-Co1|mt-Co3|mt-Co2
REACTOME_ORGANELLE_BIOGENESIS_AND_MAINTENANCE,0.412213740458015,0.412213740458015,0.0751181635276302,0.465718200543511,1.04339137857118,5,Tubb4b|Tubb2a
REACTOME_RESPIRATORY_ELECTRON_TRANSPORT,0.0978593272171254,0.412213740458015,0.175204047558551,0.636363636363636,1.46082135543719,6,mt-Cytb|mt-Nd1|mt-Nd4|mt-Co1|mt-Co3|mt-Co2
REACTOME_RESPIRATORY_ELECTRON_TRANSPORT_ATP_SYNTHESIS_BY_CHEMIOSMOTIC_COUPLING_AND_HEAT_PRODUCTION_BY_UNCOUPLING_PROTEINS,0.35459940652819,0.412213740458015,0.0815265143256594,0.444444444444444,1.08175892470794,8,mt-Cytb|mt-Nd1|mt-Nd4|mt-Co1|mt-Co3|mt-Co2|Atp5b|mt-Atp6
REACTOME_THE_CITRIC_ACID_TCA_CYCLE_AND_RESPIRATORY_ELECTRON_TRANSPORT,0.35459940652819,0.412213740458015,0.0815265143256594,0.444444444444444,1.08175892470794,8,mt-Cytb|mt-Nd1|mt-Nd4|mt-Co1|mt-Co3|mt-Co2|Atp5b|mt-Atp6
