pathway,pval,padj,log2err,ES,NES,size,leadingEdge
REACTOME_RESPIRATORY_ELECTRON_TRANSPORT_ATP_SYNTHESIS_BY_CHEMIOSMOTIC_COUPLING_AND_HEAT_PRODUCTION_BY_UNCOUPLING_PROTEINS,2.20877479406645e-07,5.52193698516612e-07,0.690132458796796,0.943764229534861,2.61038847804772,10,mt-Nd1|mt-Co2|mt-Co3|mt-Cytb|mt-Nd2|mt-Co1|mt-Nd3|mt-Nd4|mt-Atp6
REACTOME_THE_CITRIC_ACID_TCA_CYCLE_AND_RESPIRATORY_ELECTRON_TRANSPORT,2.20877479406645e-07,5.52193698516612e-07,0.690132458796796,0.943764229534861,2.61038847804772,10,mt-Nd1|mt-Co2|mt-Co3|mt-Cytb|mt-Nd2|mt-Co1|mt-Nd3|mt-Nd4|mt-Atp6
REACTOME_RESPIRATORY_ELECTRON_TRANSPORT,9.25459438693529e-07,1.54243239782255e-06,0.659444398037935,0.938488810899159,2.54705802013739,9,mt-Nd1|mt-Co2|mt-Co3|mt-Cytb|mt-Nd2|mt-Co1|mt-Nd3|mt-Nd4
REACTOME_CELLULAR_RESPONSES_TO_STIMULI,0.0459363957597173,0.0574204946996466,0.282013350011725,0.629348928585612,1.54880209808498,7,mt-Co2|mt-Co3|mt-Co1|Tubb2a|Tuba1a|Cox7b
REACTOME_RNA_POLYMERASE_II_TRANSCRIPTION,0.0644007155635063,0.0644007155635063,0.237793834423688,0.661953239136055,1.48730415701886,5,mt-Co2|mt-Co3|mt-Co1|Cox7b
