pathway,pval,padj,log2err,ES,NES,size,leadingEdge
REACTOME_DEVELOPMENTAL_BIOLOGY,0.381443298969072,0.523346303501946,0.0959206777921745,-0.380952380952381,-1.0550038993174,8,Rpl38|Unc5c|Actb|Chl1|Cacna1d|Ncam1|Ctnna2|Efna5
REACTOME_INFECTIOUS_DISEASE,0.160569105691057,0.523346303501946,0.156312403073186,-0.566013627957664,-1.31784183793263,5,Rpl38|Pabpn1|Ddx5|Actb
REACTOME_METABOLISM_OF_RNA,0.439024390243902,0.523346303501946,0.0870515867946735,-0.43556981391158,-1.01413127840121,5,Rpl38|Snrnp70|Pabpn1|Ddx5
REACTOME_NERVOUS_SYSTEM_DEVELOPMENT,0.40650406504065,0.523346303501946,0.0913924325943768,-0.393347685002099,-1.04931906610909,7,Rpl38|Unc5c|Actb|Chl1|Cacna1d
REACTOME_POST_TRANSLATIONAL_PROTEIN_MODIFICATION,0.523346303501946,0.523346303501946,0.0753093764172773,0.403078209206409,0.974110295461516,5,Nrip1|Nr3c1|Thrb
